ts,1,2,3,4,5,6,7,8,9,10,11,12,13,14,15,16,17,18,19,20,21,22,23,24,25,26,27,28,29,30,31,32,33,34,35,36,37,38,39,40,41,42,43,44,45,46,47,48,49,50,51,52,53,54,55,56,57,58,59,60,61,62,63,64,65,66,67,68,69,70,71,72,73,74,75,76,77,78,79,80,81,82,83,84,85,86,87,88,89,90,91,92,93,94,95,96,97,98,99,100,101,102,103,104,105,106,107,108,109,110,111,112,113,114,115,116,117,118,119,120,121,122,123,124,125,126,127,128,129,130,131,132,133,134,135,136,137,138,139,140,141,142,143,144,145,146,147,148
1513008001,0,0,0,0,0,0,0,0,0,0,0,0,0,0,0,0,0,0,0,0,0,0,0,0,0,0,0,0,0,0,0,0,0,0,0,0,0,0,0,0,0,0,0,0,0,0,0,0,0,0,0,0,0,0,0,0,0,0,0,0,0,0,0,0,0,0,0,0,0,0,0,0,0,0,0,0,0,0,0,0,0,0,0,0,0,0,0,0,0,0,0,0,0,0,0,0,0,0,0,0,0,0,0,0,0,0,0,0,0,0,0,0,0,0,0,0,0,0,0,0,0,0,0,0,0,0,0,0,0,0,0,0,0,0,0,0,0,0,0,0,0,0,0,0,0,0,0,0
1513008301,21,14,28,0,57,9,0,0,10,7,0,14,0,0,0,7,0,7,14,14,14,0,28,0,7,9,42,0,0,15,0,0,20,0,14,7,0,0,28,32,0,0,0,0,49,0,0,21,21,0,0,17,0,0,7,0,0,0,0,0,0,35,21,0,0,2,0,13,7,7,0,0,0,0,0,0,0,21,9,7,0,0,35,7,0,9,0,2,0,0,21,0,0,0,0,0,0,7,7,0,21,21,14,0,52,0,14,0,49,27,24,0,14,8,21,21,7,0,16,21,6,0,7,0,0,0,15,7,0,0,0,0,9,0,0,21,0,7,18,0,14,7,0,0,0,0,0,0
1513008601,28,16,35,0,78,9,7,0,14,7,6,21,6,0,0,7,7,21,14,21,28,0,35,0,7,29,77,0,0,21,0,0,41,0,21,7,0,0,35,49,14,7,0,21,70,0,0,91,49,0,0,31,0,0,14,0,0,0,0,0,0,49,28,0,8,2,0,13,28,7,14,0,0,0,0,1,0,42,17,7,7,0,56,7,0,9,0,16,0,0,49,0,0,7,0,6,2,7,7,0,21,35,77,0,59,0,49,0,91,53,41,0,14,38,35,49,7,0,22,28,6,7,14,0,0,0,24,7,14,0,0,0,9,0,0,21,7,7,25,13,21,7,7,0,0,14,0,7
1513008901,42,23,56,7,106,19,21,14,25,7,10,35,13,0,0,12,21,21,28,40,28,0,55,0,7,29,84,0,0,21,0,0,69,0,21,7,0,0,49,62,28,13,0,35,98,7,0,112,63,0,0,38,0,7,21,0,0,0,0,0,0,66,63,0,8,2,0,13,49,7,14,7,0,0,0,12,0,82,29,21,7,7,63,14,7,9,7,22,0,0,69,0,0,27,0,20,2,7,7,0,21,35,98,0,65,7,70,0,105,62,48,0,21,59,56,56,14,0,38,28,17,7,21,0,0,0,31,7,21,7,0,0,13,0,0,21,7,14,53,19,49,14,7,21,0,14,0,7
1513009201,56,23,70,7,132,19,21,14,32,14,17,55,26,7,0,12,28,21,34,54,28,0,82,0,7,34,84,0,0,21,7,0,87,0,21,7,0,0,63,73,42,19,0,63,112,7,0,140,98,0,7,47,7,7,21,0,0,0,0,0,0,79,105,0,18,5,0,20,84,7,14,14,0,0,0,12,14,138,43,34,7,7,91,14,7,9,7,22,0,0,82,0,0,34,0,20,2,14,7,7,21,35,140,7,80,7,84,0,119,68,75,0,21,76,77,56,14,0,38,28,17,14,43,14,0,0,53,7,28,7,0,0,19,0,7,21,14,35,53,20,103,14,7,21,6,14,0,7
1513009501,56,23,84,7,146,22,39,14,32,14,28,56,40,7,0,33,39,35,41,56,28,0,110,0,7,41,91,14,0,21,7,0,101,0,21,7,0,0,85,80,42,25,0,66,127,7,0,154,125,0,14,61,7,14,21,0,0,0,0,7,0,115,105,0,18,5,0,20,91,7,14,21,0,7,0,12,14,203,57,34,7,7,113,14,7,9,14,22,0,0,97,0,6,41,0,26,9,14,7,7,21,35,203,7,97,14,154,0,133,82,97,0,28,76,84,62,21,0,41,28,17,14,44,17,0,0,55,7,28,7,0,7,29,0,14,21,14,35,60,20,103,14,14,28,6,14,0,7
1513009801,70,23,91,7,146,36,39,14,32,14,28,56,40,7,0,47,46,35,41,56,35,0,124,0,7,41,91,21,0,28,7,0,122,0,21,7,0,0,99,87,42,32,0,78,127,7,0,167,132,0,21,63,14,21,21,0,0,0,0,21,0,129,105,0,18,5,0,20,91,14,14,21,0,21,0,19,14,231,57,34,7,21,134,14,7,16,14,22,0,0,104,0,12,41,0,33,9,14,7,7,21,35,252,7,111,14,189,0,154,96,104,0,28,76,91,62,21,0,55,35,17,14,51,28,0,0,55,7,28,14,0,7,29,0,21,21,14,35,60,20,103,14,14,28,13,14,0,7
1513010101,77,23,91,7,167,46,46,14,39,14,28,63,54,7,0,61,46,41,41,63,35,0,138,7,7,41,91,28,14,28,7,0,135,0,21,7,7,0,99,108,42,32,7,81,146,7,0,183,135,0,21,78,14,28,21,0,0,0,7,28,7,157,105,0,25,5,0,26,91,14,14,28,0,28,0,32,14,252,64,34,7,21,203,14,7,16,14,22,13,0,117,0,24,41,0,33,9,14,7,7,28,35,259,7,144,21,203,0,160,110,124,0,28,83,105,62,21,0,65,35,17,14,51,28,0,0,64,7,28,21,0,7,46,0,28,28,14,42,60,20,110,14,14,28,13,14,0,14
1513010401,84,23,105,7,167,46,46,21,52,14,28,63,54,7,0,61,53,48,48,63,42,0,138,7,14,41,91,28,28,35,7,7,155,0,28,7,7,0,113,114,49,32,7,81,166,7,0,183,135,0,21,78,14,34,21,0,0,0,7,28,7,157,105,0,25,5,0,26,91,14,14,28,0,28,0,32,14,252,64,47,7,21,279,14,7,16,14,22,13,0,137,0,24,48,0,33,9,14,14,7,28,35,259,7,157,21,203,0,160,117,137,0,28,83,105,62,21,0,65,56,17,14,51,35,0,0,64,7,28,21,0,7,46,14,28,28,14,42,60,20,110,14,14,28,13,14,0,21
1513010701,84,23,105,7,174,46,46,28,59,14,56,63,54,7,3,61,60,48,48,63,49,0,145,7,14,41,91,28,28,35,7,7,165,7,28,7,7,0,120,114,49,39,7,81,169,7,0,190,156,0,21,78,21,34,28,0,0,0,7,35,7,157,105,0,32,5,0,39,91,14,14,28,0,28,0,32,21,259,64,54,14,28,307,21,7,16,14,22,13,0,144,0,24,55,0,33,9,14,14,7,28,35,284,7,162,21,210,0,160,131,142,0,28,85,126,62,21,0,65,70,17,14,58,35,0,0,78,7,28,33,0,7,48,14,35,28,14,42,60,20,122,14,28,28,20,14,0,21
1513011001,91,23,105,7,207,46,46,28,66,14,70,84,54,7,3,61,67,55,48,84,56,0,152,14,14,48,91,28,28,35,21,7,172,7,28,7,7,0,120,114,49,39,7,81,183,7,0,220,156,0,21,90,21,34,28,0,0,0,7,35,7,174,112,0,45,5,0,39,98,14,14,28,0,28,0,53,23,281,69,68,14,49,335,21,7,30,14,22,13,0,165,0,24,55,0,33,9,14,14,7,42,35,291,7,176,21,224,0,181,166,170,0,28,86,126,62,21,0,65,70,17,14,58,35,0,0,78,7,28,40,0,7,48,14,35,28,14,56,67,21,122,14,28,28,27,14,0,21
1513011301,91,23,105,7,214,46,46,28,66,14,70,91,54,7,3,67,67,55,48,91,70,0,152,14,14,48,91,28,28,35,21,7,184,7,28,14,7,0,134,121,49,39,7,81,190,7,0,220,163,0,21,104,21,34,28,0,0,0,7,35,7,188,112,0,45,5,0,39,98,14,14,28,0,28,0,53,30,288,69,68,14,56,349,21,7,30,14,22,13,0,179,0,24,62,0,33,9,14,14,7,42,35,291,7,190,21,224,0,195,173,197,0,28,86,147,62,21,0,65,70,17,14,58,35,0,0,78,14,28,40,0,7,55,21,35,56,14,56,67,21,129,14,28,28,27,14,0,21
1513011601,105,23,265,7,235,53,309,35,71,14,214,289,54,7,3,74,67,55,48,98,77,0,152,21,14,48,98,28,28,42,21,7,184,7,28,14,7,0,141,121,49,40,7,82,190,7,0,234,169,0,21,104,21,34,28,0,0,0,7,35,7,195,112,0,45,5,0,39,98,14,14,28,0,28,0,53,30,295,69,68,15,56,355,21,7,30,14,22,13,0,186,0,24,62,0,33,9,14,14,7,42,35,555,7,190,21,231,0,202,173,197,0,28,86,154,69,21,0,65,70,17,14,58,42,0,0,78,21,28,40,0,7,62,21,35,70,14,77,67,21,129,14,28,35,27,14,0,21
1513011901,118,23,268,7,242,57,319,42,71,14,214,291,54,7,3,77,81,55,51,105,77,0,159,21,14,48,105,28,28,42,21,14,338,7,28,14,7,0,148,135,55,40,7,89,204,7,0,241,169,0,21,104,21,41,28,0,0,0,7,35,7,445,112,0,45,12,0,39,98,14,14,28,0,28,0,53,37,307,69,68,22,56,377,21,7,30,14,28,13,0,193,0,24,62,0,33,9,14,14,14,42,35,569,7,197,21,493,0,209,173,204,0,28,93,154,69,21,0,65,70,17,14,58,49,0,0,78,28,28,40,0,7,62,21,35,77,14,77,74,21,129,14,28,35,27,14,0,21
1513012201,252,23,282,13,242,60,319,42,204,113,214,291,54,7,3,209,81,166,51,112,84,0,159,21,14,48,105,28,28,42,21,14,496,7,28,21,7,0,155,135,62,40,7,89,211,7,0,362,175,0,28,110,21,41,28,0,0,0,7,35,7,452,112,139,45,12,0,46,98,14,14,123,0,28,0,53,37,314,69,75,22,56,377,21,7,30,14,28,13,0,200,0,24,69,0,33,9,14,14,14,42,35,576,7,197,21,493,0,209,303,495,0,28,93,161,69,21,0,72,70,17,14,58,49,0,0,78,35,28,40,0,7,178,21,35,84,14,77,207,21,129,14,28,35,27,14,0,21
1513012501,252,23,282,13,550,60,319,42,210,113,214,291,54,7,125,209,88,166,51,112,84,98,173,21,14,48,105,28,28,75,21,14,503,38,28,28,7,0,155,135,62,40,7,191,211,7,0,375,182,0,28,117,21,41,28,0,0,0,7,35,7,452,112,139,88,12,0,46,105,53,14,137,0,28,0,53,71,314,69,75,59,56,377,21,7,30,14,28,13,0,200,0,24,69,0,33,9,28,59,14,42,35,576,7,197,21,493,0,209,324,502,0,28,93,175,69,21,0,75,70,145,14,64,49,0,0,78,35,28,40,0,7,178,21,42,91,14,77,207,21,149,15,28,35,27,14,0,21
1513012801,252,23,282,13,550,70,319,42,217,113,214,305,54,7,125,215,88,166,58,112,84,98,307,21,14,48,105,28,35,75,21,21,503,38,56,28,7,0,162,135,62,40,7,205,218,7,0,375,189,0,28,117,21,41,28,0,0,0,7,35,7,459,112,139,88,12,0,46,105,53,14,137,0,28,0,53,71,314,69,82,59,56,384,21,7,30,14,28,13,0,207,0,24,69,0,33,9,28,59,14,42,35,604,7,204,21,500,0,209,331,502,0,28,93,175,69,21,0,82,70,145,14,64,49,0,0,78,49,28,40,0,14,178,21,42,98,14,77,213,77,149,21,28,35,27,14,0,21
1513013101,252,23,282,13,550,70,319,42,224,113,221,305,61,7,132,215,88,166,58,119,84,98,307,21,14,48,105,28,35,82,28,21,505,38,56,28,7,0,168,135,62,40,7,205,223,7,0,375,196,0,28,255,28,41,28,0,0,0,14,35,7,459,112,139,95,12,0,46,105,53,14,137,0,28,0,53,102,321,69,82,59,69,396,21,7,30,14,28,13,0,213,0,24,69,0,33,15,28,59,14,42,35,604,7,206,21,500,0,209,331,504,0,28,190,175,69,21,0,82,70,145,14,71,49,0,0,78,50,28,40,0,28,192,21,42,98,14,84,220,77,149,21,28,35,27,14,0,21
1513013401,252,23,282,13,550,70,319,42,224,113,221,312,61,7,132,215,95,173,58,119,84,98,314,28,14,55,105,28,35,82,49,21,506,52,63,28,7,0,168,135,62,40,7,205,223,7,0,375,196,0,28,261,28,41,28,0,0,7,14,35,7,459,112,139,102,12,0,46,105,53,14,137,0,28,0,67,102,321,69,82,59,76,403,21,7,37,14,28,13,0,213,0,24,69,0,33,15,28,59,14,42,35,605,7,206,21,501,0,216,338,505,0,28,190,175,69,21,0,82,70,145,14,71,49,0,0,78,50,28,40,0,35,192,21,42,105,14,84,220,77,149,21,28,42,27,14,0,21
1513013701,259,23,282,13,557,77,326,42,224,113,221,312,61,7,132,215,95,173,58,126,84,98,314,28,14,55,112,28,35,82,49,21,513,52,84,28,7,0,175,135,62,40,7,205,223,7,0,375,196,0,28,267,28,41,28,0,0,7,14,35,7,466,112,139,109,12,0,46,105,53,14,137,0,28,0,74,102,321,76,82,59,76,410,21,7,37,14,28,13,0,213,0,24,69,0,33,15,35,59,14,42,35,612,7,206,21,501,0,230,345,505,0,28,197,175,69,21,0,89,70,145,14,71,49,0,0,78,50,28,40,0,35,192,21,42,105,14,84,220,77,149,21,28,42,27,14,0,21
1513014001,259,23,282,13,557,77,326,42,224,113,221,312,61,7,132,215,95,173,58,133,84,98,314,28,14,55,112,28,35,82,49,21,513,52,84,28,7,0,182,135,76,40,7,205,223,7,0,382,203,0,28,267,28,41,28,0,0,7,14,35,7,466,112,139,109,12,0,46,105,53,14,137,0,28,0,74,102,328,76,82,59,76,410,21,7,37,14,28,13,0,213,0,24,76,0,33,15,35,59,14,42,35,619,7,206,21,501,0,230,352,505,0,28,197,175,69,21,0,89,70,145,14,71,49,0,0,78,57,28,40,0,35,192,21,42,112,14,84,227,77,149,21,28,42,27,14,0,21
1513014301,259,23,282,20,557,77,326,42,224,113,221,319,61,7,132,215,95,173,58,133,84,98,314,28,14,55,112,28,35,82,49,21,513,52,84,28,7,0,182,135,76,40,7,205,223,7,0,382,203,0,28,267,28,41,28,0,0,7,14,35,7,466,112,139,109,12,0,46,105,53,14,137,0,28,0,81,102,328,76,82,66,76,417,21,7,37,14,28,13,0,213,0,24,76,0,33,15,35,59,14,42,35,626,7,206,21,508,0,237,366,505,0,28,197,175,69,21,0,89,70,145,14,71,63,0,0,78,57,28,40,0,35,192,21,42,112,14,84,227,77,149,21,28,42,27,14,0,21
1513014601,266,23,282,20,557,77,326,42,224,113,221,326,61,7,132,221,95,180,58,133,84,98,321,28,14,55,112,28,35,82,49,21,517,52,84,28,7,0,189,140,76,40,7,205,227,7,0,382,203,0,28,267,28,41,35,0,0,7,14,35,7,466,112,139,109,19,0,46,105,53,14,137,0,28,0,81,102,328,90,89,66,83,430,21,7,44,14,35,13,0,219,0,24,79,0,33,15,35,59,14,49,35,633,7,210,21,508,0,237,366,509,0,28,197,175,69,21,0,89,70,145,14,71,63,0,0,78,64,28,47,0,35,192,21,49,112,14,84,227,77,156,21,28,42,27,14,0,21
1513014901,266,23,282,20,557,77,333,42,224,113,221,340,61,7,132,228,102,180,58,140,91,98,328,28,14,55,112,28,35,82,49,21,517,52,84,28,7,0,189,145,76,40,28,212,227,7,0,382,203,0,28,274,28,41,35,0,0,7,14,35,7,466,112,139,109,19,0,46,105,53,14,137,0,28,0,81,102,328,97,96,66,97,437,21,7,44,14,35,13,0,219,0,24,79,0,33,15,35,59,14,56,35,640,7,210,21,515,0,237,366,509,0,28,197,182,69,21,0,89,70,151,14,71,70,0,0,78,64,28,47,0,35,192,21,49,112,14,84,227,77,156,21,28,42,27,14,0,21
1513015201,266,23,282,27,557,77,333,42,224,113,221,340,61,7,132,228,102,180,58,140,91,98,328,35,21,55,112,28,35,82,49,21,517,53,84,28,7,0,189,145,76,40,28,212,227,7,1,382,203,0,35,274,28,41,35,1,0,7,15,35,8,474,112,139,109,19,0,46,112,53,14,137,0,35,0,81,102,328,97,96,66,111,437,21,7,44,14,35,14,1,219,0,24,79,0,33,15,35,66,14,56,35,640,7,210,21,522,0,237,366,509,0,28,197,182,69,21,0,89,70,151,14,71,76,0,1,78,64,28,47,1,35,192,21,49,112,14,84,227,77,156,21,28,42,27,14,1,21
1513015501,273,23,283,27,557,77,334,42,224,113,222,347,61,7,132,228,102,180,58,141,91,98,328,42,22,55,112,28,36,82,49,21,524,53,84,28,8,0,189,145,77,40,28,212,227,7,1,383,203,0,35,274,28,41,35,1,0,7,15,35,8,481,112,140,109,19,0,47,112,53,14,137,0,35,0,81,102,328,97,96,66,111,437,21,7,44,21,35,14,1,219,0,24,86,0,33,15,35,66,15,56,42,640,8,210,21,529,0,237,366,516,0,28,197,182,69,22,0,89,70,151,14,71,76,0,1,78,64,28,47,1,36,192,21,49,112,14,84,235,77,156,21,29,42,27,14,1,21
1513015801,273,23,283,27,564,77,334,42,224,113,222,347,61,7,132,229,102,181,58,141,91,98,336,42,22,55,112,28,36,82,49,21,525,53,84,29,8,0,189,145,77,40,28,212,228,7,1,390,203,0,35,274,29,41,35,1,0,8,15,35,8,488,112,140,109,19,0,47,112,53,14,137,0,36,0,81,102,328,104,96,66,111,438,21,7,44,21,35,14,1,220,0,24,86,0,33,16,35,66,15,56,42,640,8,211,21,530,0,237,366,517,0,28,197,183,69,22,0,89,71,152,14,71,76,0,1,78,64,28,47,1,36,192,21,50,113,14,84,235,77,156,21,29,42,27,14,1,21
1513016101,273,23,283,27,564,77,334,42,224,113,222,347,61,7,132,229,109,181,58,141,91,98,336,42,22,69,112,28,36,82,49,21,525,53,84,29,8,0,189,152,77,40,28,212,228,7,1,390,203,0,35,274,29,41,35,1,0,8,15,42,8,488,112,140,109,19,0,47,112,53,14,137,0,36,0,81,102,328,104,96,66,111,438,21,7,44,21,35,14,1,220,0,24,93,0,33,16,35,66,15,56,42,640,8,211,21,530,0,237,373,517,0,28,197,183,69,22,0,89,71,152,14,71,76,0,1,78,64,28,47,1,50,192,21,50,113,14,84,235,77,156,21,29,42,27,14,1,21
1513016401,273,23,290,27,564,77,334,42,224,113,222,347,61,7,132,229,116,181,58,141,91,98,336,42,22,69,112,28,36,96,49,21,525,53,84,29,8,0,196,152,77,40,28,212,228,7,1,390,203,0,35,274,29,41,35,1,0,8,15,42,8,488,112,140,116,19,0,47,112,53,14,137,0,36,0,81,102,328,104,96,66,111,438,21,7,44,21,35,14,1,220,0,24,93,0,33,16,35,66,15,56,42,647,8,218,21,530,0,237,373,517,0,28,203,183,69,22,0,89,71,152,14,71,76,0,1,78,64,28,47,1,50,192,21,50,113,14,84,235,77,163,21,29,42,27,14,1,21
1513016701,273,23,290,27,564,77,341,42,224,113,222,347,61,7,132,229,116,181,58,141,91,98,336,42,22,69,112,28,36,103,49,21,532,53,84,29,8,0,196,152,77,40,28,212,228,7,1,390,203,0,35,274,29,41,35,1,0,8,15,42,8,488,112,140,123,19,0,47,126,53,14,137,0,36,0,88,102,328,104,96,66,111,438,21,7,44,21,35,14,1,227,0,24,100,0,33,22,35,66,15,56,42,675,8,225,21,544,0,244,387,524,0,28,203,189,69,22,0,89,71,152,14,71,76,0,1,78,64,28,47,1,64,192,21,50,113,14,84,235,77,163,21,29,42,27,14,1,21
1513017001,273,37,290,27,564,77,341,42,224,113,222,347,61,7,132,229,116,181,58,141,91,98,336,42,22,69,112,28,36,103,49,21,532,53,84,29,8,0,196,152,84,40,28,212,228,7,1,390,203,0,35,274,29,41,35,1,0,8,15,42,8,488,112,140,123,26,0,47,126,53,14,137,0,36,0,88,102,328,104,96,66,111,438,21,7,44,21,35,14,1,227,0,24,100,0,33,23,35,66,15,56,49,696,8,225,21,544,0,244,394,530,0,42,203,189,70,22,0,89,71,152,14,71,76,0,1,78,64,28,47,1,64,192,21,50,113,14,91,235,77,163,21,29,42,27,14,1,21
1513017301,273,37,290,27,564,77,341,42,224,113,222,347,61,7,132,229,116,181,65,141,91,98,336,42,22,69,112,28,36,103,49,21,532,53,84,29,8,0,196,152,84,40,28,212,235,7,1,390,203,0,35,274,29,41,35,1,0,8,15,42,8,495,112,140,123,26,0,47,126,53,14,137,0,36,0,88,102,328,104,96,66,111,438,21,7,44,21,35,14,1,227,0,24,100,0,33,23,35,66,15,56,49,710,8,225,21,551,0,244,408,530,0,42,203,189,76,22,0,89,71,152,14,71,76,0,1,78,64,28,47,1,64,192,21,50,127,14,91,235,77,163,21,29,42,27,14,1,21
1513017601,273,37,290,27,571,77,341,42,224,113,222,347,61,7,132,229,116,181,65,141,91,98,336,42,22,69,112,28,36,103,49,21,532,53,84,29,8,0,203,152,84,40,28,212,235,7,1,397,203,0,35,274,29,41,35,1,0,8,15,42,8,495,112,140,123,26,0,47,126,53,14,137,0,36,0,88,102,333,104,96,66,111,438,21,7,44,21,35,14,1,234,0,24,100,0,33,23,35,66,15,56,56,710,8,225,21,551,0,258,408,542,0,42,203,189,76,22,0,89,71,152,14,71,76,0,1,78,64,28,47,1,64,192,21,50,127,14,91,242,77,163,21,29,42,27,14,1,21
1513017901,273,37,304,27,571,83,341,42,224,113,222,347,61,7,132,229,116,181,65,141,98,98,336,42,22,69,112,28,36,103,49,21,532,53,91,29,8,0,203,166,84,40,28,212,235,7,1,397,203,0,35,274,29,41,35,1,0,8,15,42,8,495,112,140,123,26,0,47,126,53,14,137,0,36,0,88,102,333,104,103,66,111,438,21,7,44,21,35,14,1,234,0,24,100,0,33,23,35,66,15,56,56,717,8,232,21,551,0,258,408,542,0,42,203,189,76,22,0,89,71,152,14,71,76,0,1,78,64,28,47,1,64,192,21,50,127,14,91,242,77,163,21,29,42,27,14,1,21
1513018201,273,37,304,27,571,83,348,42,224,113,222,347,61,7,132,229,116,188,65,141,98,98,350,42,22,69,112,28,43,103,49,21,532,53,91,29,8,0,203,166,84,40,28,212,235,7,1,397,203,0,35,274,29,41,35,1,0,8,15,42,8,495,112,140,123,26,0,47,133,53,14,137,0,36,0,88,102,333,104,103,66,111,438,21,7,44,21,35,14,1,234,0,24,100,0,33,23,35,66,15,56,56,717,8,232,21,551,0,258,415,542,0,42,203,189,76,22,0,89,71,152,14,71,76,0,1,78,64,28,47,1,64,192,21,57,127,14,91,242,77,163,21,29,42,27,14,1,21
1513018501,273,37,304,27,578,83,348,42,224,113,222,347,61,7,132,229,116,188,65,141,98,98,350,42,22,69,112,28,43,103,49,21,532,53,91,29,8,0,203,166,84,40,28,212,235,7,1,404,203,0,35,274,29,41,35,1,0,8,15,42,8,495,112,140,123,26,0,47,133,53,14,137,0,36,0,88,102,333,104,103,66,111,438,21,7,44,21,35,14,1,234,0,24,100,0,33,23,35,66,15,56,56,717,8,232,21,551,0,258,415,542,0,42,203,196,76,22,0,89,71,152,14,71,76,0,1,85,64,28,47,1,64,192,21,57,127,14,91,242,77,163,21,29,42,27,14,1,21
1513018801,273,37,304,27,578,83,348,42,224,113,222,347,61,7,132,229,116,188,65,141,98,98,350,42,22,69,112,28,43,103,49,21,532,53,91,29,8,0,203,166,84,40,28,212,235,7,1,404,203,0,35,274,29,41,35,1,0,8,15,42,8,495,112,140,123,26,0,47,133,53,14,137,0,36,0,88,102,333,104,103,66,111,438,21,14,44,21,35,14,1,234,0,24,100,0,33,23,35,66,15,56,56,717,8,232,21,551,0,258,422,542,0,42,203,196,76,22,0,89,71,152,14,71,76,0,1,85,64,28,47,1,64,192,21,57,127,14,91,242,77,163,21,29,42,27,14,1,21
1513019101,273,37,304,27,578,83,348,42,224,113,222,347,61,7,132,229,116,188,65,141,98,98,350,42,22,69,112,28,43,103,49,21,532,53,91,29,8,0,203,166,84,40,28,212,235,7,1,404,203,0,35,274,29,41,35,1,0,8,15,42,8,495,112,140,123,26,0,47,133,53,14,137,0,36,0,88,102,333,104,103,66,111,438,21,14,44,21,35,14,1,234,0,24,100,0,33,23,35,66,15,56,56,724,8,232,21,558,0,258,422,549,0,42,203,196,76,22,0,89,71,152,14,71,76,0,1,85,64,28,47,1,64,192,21,57,127,14,91,242,77,163,21,29,42,27,14,1,21
1513019401,280,37,304,27,585,83,355,42,224,113,222,354,61,7,132,229,116,195,65,148,98,98,350,42,22,69,112,28,43,103,49,21,539,53,91,29,8,0,210,166,84,40,28,212,235,7,1,418,210,0,35,274,35,41,35,1,0,8,15,49,8,495,112,140,123,26,0,47,133,53,14,137,0,36,0,88,109,333,104,103,66,111,444,21,14,44,21,35,14,1,234,0,24,100,0,33,23,35,66,15,56,56,731,8,232,21,565,0,265,436,549,0,42,203,196,76,22,0,89,71,152,14,71,76,0,1,92,64,28,47,1,64,192,21,57,127,14,91,249,77,170,21,29,42,27,14,1,21
1513019701,280,37,304,27,585,83,355,42,224,113,222,354,61,7,132,229,116,195,65,148,98,98,350,42,22,69,112,28,43,103,49,21,552,53,91,29,8,0,210,166,84,40,28,212,242,7,1,418,210,0,35,274,35,41,35,1,0,8,15,49,8,495,112,140,123,26,0,47,140,53,14,137,0,36,0,88,109,333,104,103,66,111,451,21,14,44,21,35,14,1,241,0,24,107,0,33,23,35,66,15,56,56,731,8,239,21,565,0,265,436,556,0,42,203,196,76,22,0,92,71,152,14,71,76,0,1,92,64,28,47,1,64,195,21,57,127,14,91,249,77,170,21,29,42,27,14,1,21
1513020001,280,37,304,27,585,83,355,42,224,113,222,354,61,7,132,229,116,195,65,148,98,98,350,42,22,69,112,28,43,103,49,21,559,53,91,29,8,0,210,166,84,40,28,212,249,7,1,418,210,0,35,274,35,41,35,1,0,8,15,49,8,495,112,140,123,26,0,47,140,53,14,137,0,36,0,88,109,333,104,103,66,111,451,21,14,44,21,35,14,1,241,0,24,107,0,33,23,35,66,15,56,63,731,8,239,21,565,0,265,436,563,0,42,203,196,76,22,0,92,71,152,14,71,76,0,1,92,64,28,47,1,64,195,21,57,134,14,91,249,77,170,21,29,42,27,14,1,21
1513020301,280,37,304,27,585,90,355,42,224,113,229,354,61,7,132,229,123,195,65,148,98,98,350,42,22,69,112,28,43,103,49,21,559,53,91,29,8,0,210,166,84,40,28,212,256,14,1,422,214,0,35,281,35,41,35,1,0,8,15,49,8,495,112,140,123,26,0,47,140,53,14,137,0,36,0,88,109,333,111,103,66,111,465,21,14,44,21,35,14,1,253,0,24,107,0,33,23,35,66,15,56,63,731,8,246,21,565,0,265,443,563,0,42,203,196,76,29,0,99,71,152,14,71,76,0,1,92,64,28,47,1,64,195,27,57,134,14,91,249,77,177,21,29,42,27,14,1,21
1513020601,280,37,318,27,585,90,355,42,224,113,229,354,61,7,132,229,123,195,65,154,98,98,350,42,22,76,112,28,43,103,49,21,559,53,91,29,8,0,210,166,84,40,28,219,256,14,1,422,214,0,35,281,35,41,35,1,0,8,15,49,8,495,112,140,123,26,0,47,140,53,14,137,0,36,0,88,109,333,111,103,66,111,465,21,14,44,21,35,14,1,253,0,24,107,0,33,23,35,66,15,56,63,731,8,246,21,565,0,272,443,563,0,42,203,196,76,29,0,99,71,159,14,71,76,0,1,99,64,28,47,1,64,195,27,57,134,14,91,249,77,177,21,29,42,27,14,1,21
1513020901,280,37,318,27,585,90,355,49,224,113,229,354,61,7,132,229,130,195,65,160,98,98,350,42,22,83,112,28,43,103,49,21,559,53,91,29,8,0,210,166,84,40,28,226,263,21,1,422,214,0,35,288,35,41,35,1,0,8,15,49,8,495,112,140,123,26,0,47,147,53,21,137,0,36,0,88,109,340,111,103,66,111,465,21,14,44,21,35,14,1,253,0,24,110,0,33,23,35,66,15,56,63,731,8,246,21,565,0,272,443,563,0,42,203,196,76,29,0,99,71,159,14,71,76,0,1,106,64,28,47,1,64,195,27,57,134,14,91,249,77,177,21,29,42,27,14,1,21
1513021201,280,37,318,27,585,90,355,49,224,113,229,354,61,7,132,229,130,195,65,160,98,98,350,42,22,83,112,28,43,103,49,21,559,53,91,29,8,0,210,166,84,40,28,226,263,21,1,422,214,0,35,288,35,41,35,1,0,8,15,49,8,495,112,140,123,26,0,47,147,53,21,137,0,36,0,88,109,340,111,103,66,111,465,21,14,44,21,35,14,1,253,0,24,110,0,34,26,36,69,18,56,63,731,8,246,21,565,0,272,443,563,0,42,203,196,76,29,0,99,71,159,14,71,76,0,1,106,64,28,47,1,64,195,27,57,134,14,91,249,77,177,21,29,42,27,14,1,21
1513021501,280,37,318,27,585,90,355,49,224,113,229,354,61,7,132,229,130,195,65,160,98,98,350,42,22,83,112,28,43,103,49,21,559,53,91,29,8,0,210,166,84,40,28,226,263,21,1,422,214,0,35,288,35,41,35,1,0,8,15,49,8,502,112,140,123,26,0,47,147,53,21,137,0,36,0,88,109,340,111,103,66,111,465,21,14,44,21,35,14,1,260,0,24,110,0,34,26,36,69,18,59,66,734,11,252,21,565,0,272,443,570,0,42,203,196,76,29,0,99,71,159,14,71,76,0,1,106,64,28,47,1,64,195,27,64,134,14,91,249,77,177,21,29,42,27,14,1,21
1513021801,282,37,318,27,585,97,355,49,224,113,229,354,61,7,132,229,130,195,70,160,98,98,350,42,22,90,112,28,64,103,49,21,559,53,91,29,8,0,210,173,84,40,28,226,263,21,1,422,214,0,35,288,35,41,35,1,0,8,15,49,8,507,112,140,123,26,0,47,147,53,21,137,0,36,0,88,109,345,111,103,66,111,465,21,14,44,21,35,14,1,260,0,24,110,7,34,26,36,69,18,59,73,734,11,252,21,565,0,272,443,570,0,42,203,196,76,29,0,104,71,159,14,71,76,0,1,106,64,28,47,1,64,195,27,64,134,14,91,254,77,177,21,29,42,27,14,1,21
1513022101,282,37,318,27,585,97,355,49,224,113,229,354,61,7,132,229,130,195,70,160,98,98,350,42,22,90,112,28,64,103,49,21,566,53,91,29,8,0,210,173,84,40,28,226,263,21,1,422,214,0,35,288,35,41,35,1,0,8,15,49,8,507,112,140,123,26,0,47,147,53,21,137,0,36,0,88,109,345,111,103,66,111,465,21,14,44,21,35,14,1,260,0,24,110,7,34,26,36,69,18,59,73,734,11,252,21,565,0,272,443,570,0,42,203,196,76,29,0,104,78,159,14,71,76,0,1,106,64,28,47,1,64,195,27,64,134,14,91,254,77,177,21,29,42,27,14,1,21
1513022401,282,37,318,27,585,97,355,49,224,113,229,354,61,7,132,229,130,195,70,160,98,98,350,42,22,90,112,28,64,103,49,21,566,53,91,36,8,0,210,180,84,40,28,226,270,21,1,422,214,0,35,288,35,41,35,1,0,8,15,49,8,507,112,140,123,26,0,47,147,53,21,137,0,36,0,88,109,345,111,103,66,111,472,21,14,44,21,35,14,1,267,0,24,110,7,34,26,36,69,18,59,73,734,11,259,21,565,0,272,443,577,0,42,203,196,76,29,0,104,78,166,14,71,76,0,1,106,64,28,47,1,64,195,27,64,134,14,91,254,77,177,21,29,42,27,14,1,21
1513022701,282,37,318,27,585,97,355,49,224,113,229,354,61,7,132,236,130,195,70,160,98,98,350,42,22,97,112,28,64,103,49,21,566,53,91,36,8,0,210,180,84,40,28,226,270,21,1,422,214,0,35,288,35,41,35,1,0,8,15,49,8,507,112,140,123,26,0,47,147,53,21,137,0,36,0,88,109,352,111,103,66,111,479,21,14,44,21,35,14,1,267,0,24,110,7,34,26,36,69,18,59,73,734,11,259,21,565,0,272,443,577,0,42,203,196,76,29,0,104,78,173,14,71,76,0,1,106,64,28,47,1,71,195,33,71,134,14,91,254,77,191,21,29,42,27,14,1,21
1513023001,282,37,318,27,585,97,355,49,224,113,229,354,61,7,132,236,130,195,70,160,98,98,371,42,22,97,112,28,64,103,49,21,566,53,91,36,8,0,210,180,84,40,28,226,270,21,1,422,214,0,35,288,35,41,35,1,0,8,15,49,8,507,112,140,123,26,0,47,147,53,21,137,0,36,0,88,109,352,111,103,66,111,479,21,14,44,21,35,14,1,267,0,24,110,7,34,33,36,69,18,59,73,734,11,259,21,565,0,272,450,577,0,42,203,196,76,29,0,104,78,180,14,71,76,0,1,106,64,28,47,1,71,195,33,71,134,14,91,254,77,191,21,29,42,27,14,1,21
1513023301,282,37,318,27,585,97,355,49,224,113,229,361,61,7,132,236,130,202,70,160,98,98,371,42,22,97,112,28,64,103,49,21,566,53,91,36,8,0,210,180,84,40,28,233,270,21,1,422,214,0,35,288,35,41,35,1,0,8,15,49,8,507,112,140,123,26,0,47,147,53,21,137,0,36,0,88,109,352,111,103,66,111,479,21,14,44,21,35,14,1,267,0,24,110,7,34,33,36,69,18,59,73,734,11,259,21,565,0,272,450,577,0,42,203,196,76,29,0,104,78,187,14,71,76,0,1,106,64,28,47,1,71,195,33,71,134,14,91,254,77,191,28,29,42,27,14,1,21
1513023601,282,37,318,27,585,97,355,49,224,113,229,361,61,7,132,236,130,202,70,160,98,98,371,42,22,97,112,28,64,103,49,21,566,53,91,36,8,0,210,180,84,47,28,233,270,21,1,422,214,0,35,288,35,41,35,1,0,8,15,49,8,507,112,140,123,26,0,47,147,53,21,137,0,36,0,88,109,352,111,103,66,111,479,21,14,44,21,35,14,1,267,0,24,110,7,34,33,36,69,18,59,73,734,11,259,21,565,0,272,450,577,0,42,203,196,76,29,0,104,78,187,14,71,76,0,1,106,64,28,47,1,71,195,33,71,134,14,91,254,77,191,28,29,42,27,14,1,21
1513023901,282,37,318,27,585,97,355,49,224,113,229,361,61,7,132,243,130,202,70,160,98,98,371,42,22,97,112,28,64,103,49,21,566,53,91,36,8,0,210,180,84,47,28,233,270,21,1,422,214,0,35,288,35,41,35,1,0,8,15,49,8,507,112,140,123,26,0,47,147,53,21,137,0,36,0,88,109,352,111,103,66,111,479,21,14,44,21,35,14,1,267,0,24,117,7,34,33,36,69,18,59,73,734,11,259,21,565,0,272,450,577,0,42,203,196,76,29,0,104,78,187,14,71,76,0,1,106,64,28,47,1,71,195,33,78,134,14,91,254,77,191,28,29,42,27,14,1,21
1513024201,282,37,318,27,585,97,355,49,224,113,229,361,61,7,132,243,130,202,70,160,98,98,371,42,22,97,112,28,64,103,49,21,566,53,91,36,8,0,210,180,84,47,28,233,270,21,1,422,214,0,35,288,35,41,35,1,0,8,15,56,8,507,112,140,123,26,0,47,147,53,21,137,0,36,0,88,109,352,111,103,66,111,479,21,14,44,21,35,14,1,267,0,24,117,7,34,33,36,69,18,59,73,734,11,259,21,565,0,272,450,577,0,42,203,196,76,29,0,104,78,187,14,71,76,0,1,106,64,28,47,1,71,195,33,78,134,14,91,254,77,191,28,29,42,27,14,1,21
1513024501,282,37,325,27,585,97,355,49,224,113,229,361,61,7,132,243,130,202,70,160,98,98,371,42,22,97,112,28,64,103,49,21,566,53,91,36,8,0,210,187,84,47,28,233,270,21,1,422,214,0,35,288,35,41,35,1,0,8,15,56,8,507,112,140,123,26,0,47,147,53,21,137,0,36,0,88,109,352,111,103,66,111,486,21,14,44,21,35,14,1,267,0,24,117,7,34,33,36,69,18,59,73,734,11,259,21,565,0,272,450,577,0,42,203,196,76,29,0,104,78,187,14,71,76,0,1,106,64,28,47,1,78,195,33,85,134,14,91,254,77,191,28,29,42,27,14,1,21
1513024801,282,37,325,27,585,97,355,49,224,113,229,361,61,7,132,250,130,202,70,160,98,98,371,42,22,104,112,28,64,103,49,21,566,53,91,36,8,0,210,194,84,47,28,233,270,21,1,422,214,0,35,288,35,41,35,1,0,8,15,56,8,507,112,140,123,26,0,47,147,53,21,137,0,36,0,88,109,352,111,103,66,111,486,21,14,44,21,35,14,1,267,0,24,117,7,34,33,36,69,18,59,73,734,11,259,21,565,0,272,450,577,0,42,203,196,76,29,0,104,78,187,14,71,76,0,1,106,64,28,47,1,78,195,33,85,134,14,91,254,77,191,28,29,42,27,14,1,21
1513025101,282,37,325,27,585,97,355,49,224,113,229,361,61,7,132,250,130,202,70,160,99,98,371,42,22,104,112,28,64,103,49,21,566,53,91,36,8,0,210,194,84,47,28,233,270,21,8,422,214,0,35,288,35,48,35,1,0,8,15,56,8,513,112,140,123,26,0,47,147,53,21,137,0,36,0,88,109,359,111,103,66,111,486,21,14,44,21,35,14,1,267,0,24,117,7,34,33,36,69,18,59,73,734,11,259,21,565,0,272,457,577,0,42,203,196,76,36,0,104,78,187,14,71,76,0,1,106,64,28,47,1,78,202,33,85,134,14,91,261,77,191,28,29,42,27,14,1,21
1513025401,282,37,325,27,585,97,355,49,231,113,229,361,61,7,132,250,130,202,70,160,105,98,371,42,22,104,112,28,64,103,49,21,566,53,91,36,8,0,216,194,84,47,28,233,277,21,8,422,214,0,35,288,35,48,35,1,0,15,15,56,8,520,112,140,123,26,0,47,147,53,21,137,0,36,0,88,109,359,118,103,73,111,486,21,14,44,21,35,14,1,267,0,24,117,7,34,33,36,69,18,59,73,734,11,259,21,565,0,279,457,577,0,42,203,196,76,36,0,104,78,187,14,78,76,0,1,106,64,28,47,1,78,202,33,85,134,14,91,261,77,191,28,29,42,27,14,1,21
1513025701,282,37,332,27,585,97,355,49,231,113,229,361,61,7,132,250,130,202,70,160,105,98,371,42,22,104,112,28,64,103,49,21,566,53,91,36,8,0,216,194,84,47,28,233,277,21,8,422,214,0,35,288,35,48,35,1,0,15,15,56,8,520,112,140,123,26,0,47,147,53,21,137,0,36,0,88,109,359,118,103,73,111,486,21,14,44,21,35,14,1,267,0,24,117,7,34,33,36,69,18,59,73,734,11,259,21,565,0,279,457,577,0,42,203,196,76,36,0,104,78,187,14,78,76,0,1,106,64,28,47,1,78,202,33,85,134,14,91,261,77,191,28,29,42,27,14,1,21
1513026001,282,37,339,27,585,97,355,49,231,113,229,361,61,7,132,250,130,202,70,160,105,98,371,42,22,104,112,28,64,103,49,21,566,53,91,36,8,0,216,194,84,47,28,233,277,21,8,422,214,0,35,288,35,48,35,1,0,15,15,56,8,520,112,140,123,26,0,47,147,53,21,137,0,36,0,88,109,359,118,103,73,111,486,21,14,44,21,35,14,1,267,0,24,117,7,34,33,36,69,18,59,73,734,11,259,21,565,0,284,464,577,0,42,203,196,76,36,0,104,78,187,14,78,76,0,1,106,64,28,47,1,78,202,33,85,134,14,91,261,77,191,28,29,42,27,21,1,21
1513026301,282,37,339,27,585,97,355,49,231,113,229,361,61,7,132,250,130,202,70,160,105,98,371,42,22,104,119,28,64,103,49,21,566,53,91,36,8,0,216,194,84,47,28,233,277,21,8,422,214,0,35,288,35,48,35,1,0,15,15,56,8,520,112,140,123,26,0,47,147,53,21,137,0,36,0,88,109,359,118,103,73,111,486,21,14,44,21,35,14,1,267,0,24,117,7,34,33,36,69,18,59,73,734,11,259,21,565,0,286,464,577,0,42,203,196,76,36,0,104,78,187,14,78,76,0,1,106,64,28,47,1,78,209,33,85,134,14,91,261,77,191,28,29,42,27,21,1,21
1513026601,282,37,339,27,592,97,355,49,231,113,229,361,61,7,132,250,130,202,70,167,105,98,371,42,22,104,119,28,64,103,49,21,566,53,91,36,8,0,216,194,84,47,28,233,277,21,8,429,214,0,42,288,35,48,35,1,0,15,15,56,8,520,112,140,123,26,0,47,147,53,21,137,0,36,0,88,109,359,118,103,73,111,486,21,14,44,21,35,14,1,267,0,24,117,7,34,33,36,69,18,59,73,734,11,259,21,565,0,286,464,577,0,42,203,196,76,36,0,104,78,187,14,78,76,0,1,106,64,28,47,1,78,209,40,85,134,14,91,261,77,191,28,29,42,27,21,1,21
1513026901,282,37,339,27,592,97,355,49,231,113,232,361,61,7,132,250,130,202,70,174,105,98,371,42,22,104,119,28,64,103,49,21,566,53,98,36,8,0,216,194,84,47,28,233,277,21,8,436,214,0,42,288,35,48,35,1,0,15,15,56,8,527,112,140,123,26,0,47,147,53,21,137,0,36,0,88,109,359,118,103,73,111,486,21,14,44,21,35,14,1,267,0,24,117,7,34,33,36,69,18,59,73,734,11,259,21,565,0,286,471,577,0,42,203,196,76,36,0,104,78,187,14,78,76,0,1,106,64,28,47,1,78,209,40,85,134,14,91,261,77,191,28,29,42,27,21,1,21
1513027201,282,37,346,27,592,97,355,49,231,113,236,361,61,7,132,250,130,202,70,181,105,98,371,42,22,104,119,28,64,103,49,21,566,53,98,36,8,0,216,194,84,47,28,233,277,21,8,443,214,0,42,288,35,48,35,1,0,15,15,56,8,527,112,140,123,26,0,47,147,53,21,137,0,36,0,88,109,359,118,103,73,111,486,21,14,44,21,35,14,1,267,0,24,117,7,34,33,36,69,18,59,73,734,11,259,21,565,0,286,471,577,0,42,203,196,76,36,0,104,85,187,14,78,76,0,1,106,64,28,47,1,78,209,40,85,141,14,91,261,77,191,28,29,42,27,21,1,21
1513027501,282,37,353,27,592,97,355,49,231,113,236,361,61,7,132,250,130,202,70,188,105,98,371,42,22,104,119,28,64,103,49,21,566,53,98,36,8,0,216,194,84,47,28,233,277,21,8,450,214,0,42,288,35,48,35,1,0,15,15,56,8,527,112,140,123,26,0,47,147,53,21,137,0,36,0,88,109,359,118,103,73,111,486,21,14,44,21,35,14,1,267,0,24,117,7,34,33,36,69,18,59,73,734,11,259,21,565,0,286,478,577,0,42,203,196,76,36,0,104,85,187,14,78,76,0,1,106,64,28,47,1,78,209,40,85,141,14,91,261,77,191,28,29,42,27,21,1,21
1513027801,282,37,360,27,592,97,355,49,231,113,236,361,61,7,132,250,130,202,70,195,105,98,371,42,22,104,119,28,64,103,49,21,566,53,98,36,8,0,216,194,84,47,28,233,277,21,8,457,214,0,42,288,35,48,35,1,0,15,15,56,8,527,112,140,123,26,0,47,147,53,21,137,0,36,0,88,109,359,118,103,73,111,486,21,14,44,21,35,14,1,267,0,24,117,7,34,33,36,69,18,59,73,734,11,259,21,565,0,286,478,577,0,42,210,196,76,36,0,104,85,187,14,78,76,0,1,120,64,28,47,1,78,209,40,85,141,14,91,261,77,191,28,29,42,27,21,1,21
1513028101,282,37,360,27,592,97,355,49,231,113,236,361,61,7,132,250,130,202,70,209,105,105,371,42,22,104,119,28,64,103,49,21,566,53,98,36,8,0,216,194,84,47,28,233,277,21,8,471,221,0,42,288,35,48,35,1,0,15,15,56,8,534,119,140,123,26,0,47,147,53,21,137,0,36,0,88,109,359,118,103,73,111,486,21,14,51,21,35,14,1,267,0,24,117,7,34,33,36,69,18,59,80,734,11,259,21,565,0,286,485,577,0,42,210,196,76,36,0,104,92,187,14,78,76,0,1,120,64,28,47,1,78,209,40,85,141,14,91,268,77,191,28,29,42,27,21,1,21
1513028401,282,37,360,27,592,97,355,49,231,113,236,361,61,7,132,250,130,202,70,216,105,105,371,42,22,104,119,28,64,103,49,21,566,53,98,36,8,0,216,194,91,47,28,233,277,21,8,485,221,0,42,288,35,48,35,1,0,15,15,56,8,534,119,140,123,26,0,47,147,53,21,137,0,36,0,88,109,359,118,103,73,111,486,21,14,51,21,35,14,1,267,0,24,117,7,34,33,36,69,18,59,80,734,11,259,21,565,0,286,485,577,0,42,210,196,76,36,0,104,92,187,14,78,76,0,1,120,64,28,47,1,78,209,40,85,141,14,91,268,77,191,28,29,42,27,21,1,21
1513028701,282,37,360,27,592,97,355,49,231,113,236,361,61,7,132,250,130,202,70,223,105,105,371,42,22,104,119,28,64,103,49,21,566,53,98,36,8,0,216,194,91,47,28,233,277,21,8,492,221,0,42,288,35,48,35,1,0,15,15,56,8,534,119,140,123,26,0,47,147,53,21,137,0,36,0,88,109,359,118,103,73,111,486,21,14,51,21,35,14,1,267,0,24,117,7,34,33,36,69,18,59,80,734,11,259,21,565,0,286,485,577,0,42,217,196,76,36,0,104,92,187,14,78,76,0,1,120,64,28,47,1,78,209,40,85,141,14,91,268,77,191,28,29,42,27,21,1,21
1513029001,282,37,367,27,592,97,355,49,231,113,236,361,61,7,132,250,130,202,70,230,105,105,378,42,22,104,119,28,64,103,49,21,566,53,98,36,8,0,216,194,91,47,28,233,284,21,8,499,221,0,42,288,35,48,35,1,0,15,15,56,8,534,119,140,123,26,0,47,147,53,21,137,0,36,0,88,109,359,118,103,73,111,486,21,14,51,21,35,14,1,267,0,24,117,7,34,33,36,69,18,59,80,734,11,259,21,565,0,286,485,577,0,42,217,196,76,36,0,104,92,187,14,78,76,0,1,120,64,28,47,1,78,209,40,85,148,14,91,268,77,191,28,29,42,27,21,1,21
1513029301,282,37,367,27,599,97,355,49,231,113,236,361,61,7,132,250,130,202,70,237,105,105,378,42,22,104,119,28,64,103,49,21,573,53,98,36,8,0,216,194,91,47,28,233,284,21,8,499,221,0,42,288,35,55,35,1,0,15,15,56,8,534,119,140,123,26,0,47,147,53,21,137,0,36,0,88,109,359,118,103,73,111,486,21,14,51,21,35,14,1,267,0,24,117,7,34,33,36,69,18,59,80,734,11,259,21,565,0,286,485,584,0,42,217,196,76,36,0,104,92,187,14,78,76,0,1,120,64,28,47,1,78,209,40,85,148,14,91,268,77,191,28,29,42,27,21,1,21
1513029601,289,37,374,27,599,97,355,49,231,113,236,361,61,7,132,250,130,202,70,244,105,105,378,42,22,104,119,28,64,103,56,21,573,53,98,43,8,0,216,194,91,47,28,233,284,21,8,506,221,0,42,288,35,55,35,1,0,15,15,56,8,534,119,140,123,26,0,47,147,53,21,137,0,36,0,88,109,359,118,103,73,111,486,21,14,58,21,35,14,1,267,0,24,117,7,34,33,36,69,18,59,80,734,11,261,21,565,0,286,485,584,0,42,217,196,76,36,0,104,92,187,14,78,76,0,1,120,64,28,47,1,78,216,40,85,148,14,91,268,77,191,28,29,42,27,21,1,21
1513029901,296,37,374,27,606,97,355,49,231,113,236,361,61,7,132,250,130,209,70,251,105,105,378,42,22,104,119,28,64,103,56,21,573,53,105,43,8,0,216,194,91,47,28,233,284,21,8,513,221,0,42,288,35,55,35,1,0,15,15,56,8,534,119,140,123,26,0,47,147,53,21,137,0,36,0,88,109,359,118,103,73,111,486,21,14,58,21,35,14,1,267,0,24,117,7,34,33,36,69,18,59,80,741,11,261,21,572,0,286,485,584,0,42,217,196,76,36,0,104,92,187,14,78,76,0,1,120,64,28,47,1,78,216,40,85,148,14,91,268,77,191,28,29,42,27,21,1,21
1513030201,303,37,381,27,606,97,355,49,231,113,236,361,61,7,132,250,130,209,70,257,105,105,378,42,22,104,119,28,64,110,56,21,573,53,105,43,8,0,223,194,91,47,28,233,284,21,8,520,228,0,42,295,35,55,35,1,0,15,15,56,8,534,119,140,123,26,7,47,147,53,21,137,0,36,0,88,109,359,118,103,73,118,486,21,14,58,21,35,14,1,267,0,24,117,7,34,33,36,69,18,59,80,741,11,261,21,572,0,293,485,584,0,42,217,196,76,36,0,104,92,187,14,78,76,0,1,127,64,28,47,1,78,230,40,92,155,14,91,275,77,191,28,29,42,27,21,1,21
1513030501,303,37,381,27,606,97,355,56,231,113,236,361,68,7,132,250,130,209,70,257,105,105,378,42,22,104,119,28,64,110,56,21,573,53,112,43,8,0,223,201,91,47,28,240,284,21,8,520,228,0,42,295,35,55,35,1,0,15,15,56,8,534,119,140,123,26,7,47,147,53,21,137,0,36,0,88,109,359,118,103,73,118,486,21,14,58,21,35,14,1,267,0,24,117,7,34,33,36,69,18,59,80,741,11,261,21,572,0,293,485,584,0,42,217,196,76,36,0,104,92,187,14,78,76,0,1,127,64,28,47,1,78,230,40,92,155,14,91,275,77,191,28,29,42,27,21,1,21
1513030801,303,37,381,27,613,97,355,56,231,113,236,375,68,7,132,257,130,209,77,257,105,105,378,42,22,104,119,28,64,110,56,21,573,53,112,50,8,0,230,201,91,47,28,240,284,21,8,520,235,0,49,295,35,55,35,1,0,15,15,56,8,534,119,140,123,26,7,47,154,53,28,144,0,36,0,88,109,373,125,110,73,118,493,21,14,58,27,35,14,1,267,0,24,117,7,34,33,36,69,18,59,80,741,11,261,21,579,0,293,485,584,0,42,217,196,76,36,0,104,99,187,14,78,76,0,1,127,64,28,47,1,78,230,40,92,155,14,91,275,77,198,28,29,42,27,21,1,28
1513031101,303,37,381,27,613,97,355,56,231,113,236,375,68,7,132,257,137,209,77,257,105,105,385,42,22,104,119,28,64,110,56,21,573,53,119,50,8,0,230,201,91,47,28,240,284,21,8,520,235,0,49,300,35,55,35,8,0,15,15,56,8,534,119,140,123,26,7,54,154,53,28,144,7,43,0,88,109,373,139,117,76,118,493,21,14,58,27,35,14,1,267,0,24,124,7,34,33,36,76,18,59,80,741,11,261,21,593,0,293,498,584,0,42,217,196,76,36,0,104,99,189,14,78,76,0,1,132,64,28,47,1,78,230,40,92,155,14,98,282,77,198,28,29,42,27,21,1,28
1513031401,303,37,381,27,613,97,355,56,231,113,236,375,68,7,139,257,137,209,84,257,105,105,385,42,22,104,119,28,64,110,56,21,573,53,119,50,15,0,230,201,91,47,28,240,284,21,8,520,235,0,49,307,35,55,35,8,0,15,15,56,8,534,119,140,123,26,7,61,154,60,28,144,7,43,0,95,109,373,139,117,76,118,493,28,14,65,27,35,14,1,267,0,24,127,7,34,33,36,76,18,59,80,748,11,261,21,600,0,293,505,584,0,42,217,203,83,36,0,104,99,196,14,78,76,0,1,139,64,28,47,1,78,230,40,99,162,14,105,282,77,198,28,29,42,27,21,1,28
1513031701,303,44,381,27,619,97,355,56,231,113,236,375,68,7,139,257,137,209,84,264,105,105,385,42,22,104,119,28,64,110,56,21,573,53,119,50,15,0,230,201,91,47,28,240,291,21,8,527,242,0,49,307,35,55,35,8,0,15,15,56,8,534,119,140,123,33,7,61,154,60,28,144,7,43,0,95,109,373,139,124,76,118,493,28,14,65,27,35,14,1,267,0,24,131,7,34,33,36,83,18,59,80,755,11,261,21,600,0,293,512,584,0,42,217,203,83,36,0,104,99,196,14,78,76,0,1,146,64,28,47,1,78,230,47,106,162,14,105,289,77,198,28,29,42,27,21,1,28
1513032001,310,51,381,27,619,97,355,56,238,113,236,382,68,7,139,257,137,209,84,264,112,105,385,42,22,104,126,28,64,110,56,21,580,53,119,57,15,0,230,201,98,47,28,247,298,21,15,534,249,0,70,307,35,55,35,8,0,15,15,56,8,534,119,140,123,40,7,61,161,60,28,144,7,43,0,95,109,373,139,124,76,118,493,28,14,65,27,35,14,1,274,0,24,131,7,34,33,36,83,18,59,80,762,11,268,21,607,0,293,518,591,0,42,217,203,83,36,0,104,99,196,14,78,83,0,1,146,64,28,47,1,78,230,47,106,162,14,105,289,77,198,28,29,42,27,21,1,28
1513032301,317,51,388,27,626,97,355,56,238,113,236,382,68,7,139,257,137,209,84,264,112,105,385,42,22,105,126,28,64,110,56,21,580,53,119,57,15,0,230,208,112,47,28,247,298,21,15,541,249,0,70,307,35,55,35,8,0,15,15,56,8,534,119,140,123,40,7,61,161,60,28,144,7,43,0,96,109,373,139,124,76,118,493,28,14,65,27,35,14,1,274,0,24,131,7,34,33,36,83,18,59,87,762,11,268,21,607,0,300,525,591,0,42,217,203,83,36,0,104,99,196,14,85,83,0,1,153,64,35,47,1,78,237,47,106,162,14,105,290,77,198,28,29,49,27,21,1,35
1513032601,317,51,388,27,626,97,355,63,238,113,243,382,68,7,139,257,137,209,84,264,112,105,385,42,22,105,126,28,64,110,56,21,580,53,119,64,15,0,237,208,112,47,28,247,298,21,15,548,249,0,70,307,35,55,35,8,0,15,15,56,8,534,119,140,123,40,7,61,175,60,28,144,7,43,0,96,109,373,139,124,76,118,500,28,14,72,27,35,21,1,274,0,24,131,7,34,33,36,83,18,59,87,762,11,268,21,607,0,300,546,591,0,42,224,210,83,36,0,104,99,196,14,85,97,0,1,153,71,35,47,1,78,237,54,113,162,14,105,290,77,198,28,29,49,27,21,1,35
1513032901,317,51,388,27,639,97,362,63,245,113,243,382,68,7,139,257,137,209,84,264,119,105,392,42,22,105,126,28,64,110,56,21,594,53,119,71,15,0,237,214,112,47,28,247,305,21,15,548,249,0,70,307,35,55,35,8,0,15,15,56,8,534,119,140,130,40,7,61,175,60,28,144,7,43,0,96,109,373,146,124,83,118,500,28,14,79,27,35,21,1,274,0,24,131,7,34,33,36,83,18,59,87,762,11,282,21,607,0,300,553,605,0,42,224,210,83,36,0,111,99,196,14,85,104,0,1,160,71,35,47,1,78,237,54,113,168,14,105,290,77,205,28,29,49,27,21,1,35
1513033201,317,51,395,27,639,97,362,63,245,113,243,389,68,7,139,264,144,209,84,264,119,105,392,42,22,105,126,28,64,110,56,21,594,53,119,78,15,0,237,220,112,47,28,247,305,21,22,561,249,0,70,307,42,55,35,8,0,15,15,56,8,541,119,140,130,40,7,61,175,60,35,144,7,43,0,96,109,373,146,131,83,118,507,28,14,93,27,35,21,1,281,0,24,131,7,34,33,36,83,18,59,87,762,11,282,21,607,0,300,560,605,0,42,224,210,90,36,0,111,99,203,14,85,104,0,1,160,71,35,47,1,78,237,61,113,168,14,105,290,77,205,28,29,56,27,21,1,35
1513033501,324,51,402,34,639,97,362,63,245,113,243,396,68,7,139,264,144,209,84,264,126,105,392,42,22,105,126,28,64,110,56,21,607,53,119,78,15,0,237,228,119,47,28,254,312,21,22,562,249,0,77,307,42,55,35,8,0,15,15,56,8,541,119,140,130,40,7,61,189,60,35,144,7,43,0,96,109,373,146,145,83,118,514,28,14,100,34,35,21,1,295,0,24,131,7,34,47,36,83,18,59,87,762,11,289,21,607,0,300,567,612,0,42,224,210,90,36,0,111,99,203,14,92,104,0,1,160,71,42,47,1,78,237,68,113,168,14,105,290,77,205,28,29,70,27,21,1,35
1513033801,331,51,402,34,639,97,362,63,245,113,243,396,68,7,139,264,144,216,84,264,133,105,392,42,22,105,133,28,64,110,56,21,607,53,119,85,15,0,251,228,119,47,28,254,319,21,22,562,249,0,77,307,42,55,35,8,0,15,15,56,8,541,119,140,130,40,7,61,189,60,35,144,7,43,0,103,109,373,146,145,83,118,521,28,14,100,41,35,21,1,295,0,31,138,7,34,47,36,83,18,59,87,769,11,289,21,614,0,307,567,612,0,42,224,210,90,36,0,111,99,203,14,92,111,0,1,167,71,42,47,1,78,244,68,113,168,14,105,290,77,205,35,29,77,27,21,1,35
1513034101,331,51,409,34,639,97,362,63,252,113,243,396,74,7,145,264,144,216,84,271,147,105,392,42,22,105,140,28,64,110,56,21,607,53,126,85,15,0,251,249,119,47,28,261,319,35,22,562,256,0,77,314,42,55,35,8,0,15,15,56,8,548,119,140,137,41,7,61,189,60,35,144,7,43,0,103,109,380,146,152,83,118,528,28,14,100,41,35,21,1,295,7,31,138,7,41,47,36,83,18,59,87,769,11,289,21,614,0,321,567,612,0,42,230,210,97,36,0,111,99,203,14,92,111,0,1,167,71,42,47,1,78,244,75,120,168,14,105,297,77,212,35,29,77,27,21,1,35
1513034401,338,51,409,34,639,97,362,63,252,113,243,396,74,7,145,264,144,216,84,271,154,105,392,42,29,105,140,28,64,110,56,21,607,60,126,85,15,0,258,256,119,47,28,261,319,35,22,562,263,0,77,321,42,55,35,8,0,15,15,56,8,548,119,140,137,41,7,61,189,60,35,144,7,43,0,103,116,387,146,152,83,118,528,28,14,100,41,35,21,1,295,14,31,138,7,41,47,36,83,18,59,87,769,11,292,21,617,0,330,588,615,0,42,237,210,104,36,0,111,99,203,14,92,111,0,1,167,71,49,47,1,85,244,75,134,168,14,105,297,77,212,35,29,91,27,21,1,35
1513034701,338,51,409,34,639,104,362,63,252,113,243,396,74,7,145,264,144,223,84,278,161,105,399,42,29,105,147,28,64,110,63,21,619,60,126,85,15,0,258,270,119,47,28,261,319,35,22,562,270,0,77,321,42,55,35,8,0,15,15,56,8,548,119,140,137,41,7,61,189,67,35,144,7,43,0,103,116,387,146,159,90,125,542,28,28,100,41,35,21,1,309,14,31,138,7,41,47,36,83,18,59,87,769,11,299,21,617,0,337,606,629,0,45,237,213,104,38,0,119,101,203,14,106,111,0,1,167,71,49,54,1,85,244,75,134,168,14,105,297,77,212,35,29,91,27,21,8,35
1513035001,338,51,409,34,639,104,362,63,252,113,250,396,74,7,145,271,144,223,84,278,168,105,399,42,29,105,147,28,64,110,63,21,625,60,126,85,15,0,258,277,119,47,28,268,326,35,22,562,270,0,84,321,42,55,35,8,0,15,15,56,8,548,119,140,137,41,7,61,189,67,35,144,7,43,0,103,123,387,146,159,90,125,549,35,35,100,41,35,21,1,316,14,38,138,7,41,47,36,83,18,59,87,769,11,313,21,617,0,337,619,636,0,45,237,213,104,38,0,119,101,210,15,109,111,0,4,170,73,49,69,1,85,245,75,134,168,14,105,297,77,212,35,29,98,27,21,8,35
1513035301,359,51,409,34,639,104,362,63,252,113,257,396,74,7,145,271,144,223,84,278,175,112,399,42,29,105,147,28,64,110,63,21,632,60,126,92,15,0,265,277,119,47,28,268,333,35,22,562,270,0,84,321,42,55,35,8,0,15,15,63,8,554,119,140,137,48,7,61,189,67,42,144,7,43,0,103,123,387,153,159,90,125,563,35,35,107,41,42,21,1,328,14,38,138,7,41,47,36,83,18,59,94,769,11,320,21,617,0,337,626,643,0,45,237,213,104,38,0,119,101,210,15,109,118,0,4,170,73,49,69,1,85,245,81,141,189,14,105,297,77,212,35,29,98,34,21,8,35
1513035601,373,51,409,34,639,111,362,63,259,113,257,396,74,7,145,271,144,223,91,278,189,112,399,42,29,105,147,28,64,110,70,21,639,60,126,99,22,0,272,277,119,47,28,268,340,35,22,562,270,0,84,321,42,55,35,8,0,22,15,63,8,554,119,140,137,55,14,61,189,67,42,144,7,43,0,103,123,394,153,166,90,125,563,35,35,107,41,42,21,1,334,14,38,145,7,41,47,36,83,18,59,94,776,11,334,21,624,0,344,626,650,0,45,237,213,104,38,0,133,101,210,15,109,118,0,4,170,73,49,69,1,85,245,82,148,203,21,105,297,77,219,35,29,112,34,21,8,56
1513035901,380,51,416,34,639,111,365,63,259,113,257,403,78,7,149,292,144,223,94,285,189,112,399,42,36,112,147,28,64,110,70,21,653,67,126,99,22,0,272,284,119,54,28,268,347,35,22,569,277,0,84,335,42,62,35,8,0,22,15,63,8,560,121,140,137,60,14,61,189,67,42,144,7,43,0,103,123,401,153,166,90,132,570,35,35,107,41,42,21,1,341,14,38,159,7,48,47,36,83,25,59,101,776,11,334,21,624,0,344,626,650,0,45,237,227,104,38,0,133,101,210,15,109,118,0,4,170,73,49,69,1,85,259,87,155,217,21,112,297,77,233,35,29,119,34,21,8,56
1513036201,387,51,416,34,646,111,365,63,259,113,276,403,78,7,149,299,144,223,94,299,196,112,399,42,36,112,154,28,64,124,77,21,653,67,126,99,22,0,272,284,119,54,28,268,347,35,22,576,284,0,84,342,42,62,35,15,0,22,15,63,8,560,121,140,137,62,14,61,189,67,42,144,7,43,0,103,123,414,153,166,90,132,577,35,35,107,41,42,21,1,341,14,38,159,7,48,47,36,83,25,59,101,776,11,334,21,624,0,351,640,650,0,45,237,227,111,45,0,133,101,210,15,123,118,0,4,170,73,49,69,1,85,280,110,155,238,21,112,297,77,244,35,29,119,34,21,8,56
