1513267201,1,0
1513267201,2,0
1513267201,3,0
1513267201,4,0
1513267201,5,0
1513267201,6,0
1513267201,7,0
1513267201,8,0
1513267201,9,0
1513267201,10,0
1513267201,11,0
1513267201,12,0
1513267201,13,0
1513267201,14,0
1513267201,15,0
1513267201,16,0
1513267201,17,0
1513267201,18,0
1513267201,19,0
1513267201,20,0
1513267201,21,0
1513267201,22,0
1513267201,23,0
1513267201,24,0
1513267201,25,0
1513267201,26,0
1513267201,27,0
1513267201,28,0
1513267201,29,0
1513267201,30,0
1513267201,31,0
1513267201,32,0
1513267201,33,7
1513267201,34,0
1513267201,35,0
1513267201,36,0
1513267201,37,0
1513267201,38,0
1513267201,39,0
1513267201,40,0
1513267201,41,0
1513267201,42,0
1513267201,43,0
1513267201,44,0
1513267201,45,0
1513267201,46,0
1513267201,47,0
1513267201,48,0
1513267201,49,0
1513267201,50,0
1513267201,51,0
1513267201,52,0
1513267201,53,0
1513267201,54,0
1513267201,55,0
1513267201,56,0
1513267201,57,0
1513267201,58,0
1513267201,59,0
1513267201,60,0
1513267201,61,0
1513267201,62,0
1513267201,63,0
1513267201,64,0
1513267201,65,0
1513267201,66,0
1513267201,67,0
1513267201,68,0
1513267201,69,0
1513267201,70,0
1513267201,71,0
1513267201,72,0
1513267201,73,0
1513267201,74,0
1513267201,75,0
1513267201,76,0
1513267201,77,0
1513267201,78,0
1513267201,79,1
1513267201,80,0
1513267201,81,0
1513267201,82,0
1513267201,83,0
1513267201,84,0
1513267201,85,0
1513267201,86,0
1513267201,87,0
1513267201,88,0
1513267201,89,0
1513267201,90,0
1513267201,91,0
1513267201,92,0
1513267201,93,0
1513267201,94,0
1513267201,95,0
1513267201,96,0
1513267201,97,0
1513267201,98,0
1513267201,99,0
1513267201,100,0
1513267201,101,0
1513267201,102,0
1513267201,103,0
1513267201,104,0
1513267201,105,0
1513267201,106,0
1513267201,107,0
1513267201,108,0
1513267201,109,0
1513267201,110,0
1513267201,111,0
1513267201,112,0
1513267201,113,0
1513267201,114,0
1513267201,115,0
1513267201,116,0
1513267201,117,0
1513267201,118,0
1513267201,119,0
1513267201,120,0
1513267201,121,0
1513267201,122,0
1513267201,123,0
1513267201,124,0
1513267201,125,0
1513267201,126,0
1513267201,127,0
1513267201,128,0
1513267201,129,0
1513267201,130,0
1513267201,131,0
1513267201,132,0
1513267201,133,0
1513267201,134,0
1513267201,135,0
1513267201,136,0
1513267201,137,0
1513267201,138,0
1513267201,139,0
1513267201,140,0
1513267201,141,0
1513267201,142,0
1513267201,143,0
1513267201,144,0
1513267201,145,0
1513267201,146,0
1513267201,147,0
1513267201,148,0
1513267501,1,28
1513267501,2,0
1513267501,3,14
1513267501,4,4
1513267501,5,49
1513267501,6,0
1513267501,7,14
1513267501,8,7
1513267501,9,7
1513267501,10,0
1513267501,11,15
1513267501,12,7
1513267501,13,7
1513267501,14,0
1513267501,15,0
1513267501,16,13
1513267501,17,0
1513267501,18,28
1513267501,19,0
1513267501,20,21
1513267501,21,49
1513267501,22,0
1513267501,23,7
1513267501,24,0
1513267501,25,0
1513267501,26,0
1513267501,27,35
1513267501,28,0
1513267501,29,0
1513267501,30,0
1513267501,31,0
1513267501,32,0
1513267501,33,31
1513267501,34,0
1513267501,35,6
1513267501,36,0
1513267501,37,0
1513267501,38,0
1513267501,39,29
1513267501,40,49
1513267501,41,0
1513267501,42,0
1513267501,43,0
1513267501,44,0
1513267501,45,28
1513267501,46,7
1513267501,47,0
1513267501,48,7
1513267501,49,42
1513267501,50,0
1513267501,51,0
1513267501,52,21
1513267501,53,0
1513267501,54,0
1513267501,55,0
1513267501,56,0
1513267501,57,0
1513267501,58,0
1513267501,59,0
1513267501,60,7
1513267501,61,0
1513267501,62,23
1513267501,63,7
1513267501,64,0
1513267501,65,11
1513267501,66,11
1513267501,67,0
1513267501,68,20
1513267501,69,7
1513267501,70,9
1513267501,71,3
1513267501,72,19
1513267501,73,7
1513267501,74,0
1513267501,75,0
1513267501,76,7
1513267501,77,0
1513267501,78,16
1513267501,79,21
1513267501,80,0
1513267501,81,0
1513267501,82,0
1513267501,83,77
1513267501,84,0
1513267501,85,0
1513267501,86,0
1513267501,87,0
1513267501,88,7
1513267501,89,0
1513267501,90,0
1513267501,91,7
1513267501,92,0
1513267501,93,0
1513267501,94,19
1513267501,95,0
1513267501,96,0
1513267501,97,0
1513267501,98,0
1513267501,99,0
1513267501,100,7
1513267501,101,0
1513267501,102,14
1513267501,103,32
1513267501,104,0
1513267501,105,14
1513267501,106,0
1513267501,107,14
1513267501,108,0
1513267501,109,42
1513267501,110,28
1513267501,111,33
1513267501,112,0
1513267501,113,0
1513267501,114,13
1513267501,115,14
1513267501,116,0
1513267501,117,0
1513267501,118,0
1513267501,119,0
1513267501,120,28
1513267501,121,7
1513267501,122,0
1513267501,123,7
1513267501,124,7
1513267501,125,0
1513267501,126,0
1513267501,127,13
1513267501,128,6
1513267501,129,0
1513267501,130,7
1513267501,131,7
1513267501,132,0
1513267501,133,21
1513267501,134,7
1513267501,135,21
1513267501,136,14
1513267501,137,0
1513267501,138,14
1513267501,139,14
1513267501,140,7
1513267501,141,21
1513267501,142,0
1513267501,143,0
1513267501,144,0
1513267501,145,0
1513267501,146,0
1513267501,147,0
1513267501,148,0
1513267801,1,42
1513267801,2,0
1513267801,3,14
1513267801,4,14
1513267801,5,63
1513267801,6,3
1513267801,7,21
1513267801,8,7
1513267801,9,7
1513267801,10,0
1513267801,11,15
1513267801,12,14
1513267801,13,14
1513267801,14,0
1513267801,15,0
1513267801,16,19
1513267801,17,21
1513267801,18,42
1513267801,19,7
1513267801,20,35
1513267801,21,63
1513267801,22,0
1513267801,23,7
1513267801,24,0
1513267801,25,0
1513267801,26,0
1513267801,27,35
1513267801,28,0
1513267801,29,0
1513267801,30,21
1513267801,31,7
1513267801,32,0
1513267801,33,60
1513267801,34,0
1513267801,35,27
1513267801,36,7
1513267801,37,7
1513267801,38,0
1513267801,39,43
1513267801,40,70
1513267801,41,0
1513267801,42,0
1513267801,43,0
1513267801,44,0
1513267801,45,57
1513267801,46,7
1513267801,47,0
1513267801,48,35
1513267801,49,63
1513267801,50,0
1513267801,51,7
1513267801,52,28
1513267801,53,0
1513267801,54,0
1513267801,55,7
1513267801,56,0
1513267801,57,0
1513267801,58,0
1513267801,59,0
1513267801,60,7
1513267801,61,0
1513267801,62,51
1513267801,63,7
1513267801,64,0
1513267801,65,38
1513267801,66,11
1513267801,67,0
1513267801,68,20
1513267801,69,14
1513267801,70,9
1513267801,71,3
1513267801,72,26
1513267801,73,21
1513267801,74,11
1513267801,75,0
1513267801,76,18
1513267801,77,13
1513267801,78,16
1513267801,79,41
1513267801,80,0
1513267801,81,0
1513267801,82,6
1513267801,83,113
1513267801,84,0
1513267801,85,0
1513267801,86,0
1513267801,87,0
1513267801,88,7
1513267801,89,0
1513267801,90,0
1513267801,91,36
1513267801,92,0
1513267801,93,0
1513267801,94,28
1513267801,95,0
1513267801,96,0
1513267801,97,7
1513267801,98,7
1513267801,99,0
1513267801,100,7
1513267801,101,0
1513267801,102,21
1513267801,103,64
1513267801,104,7
1513267801,105,36
1513267801,106,0
1513267801,107,35
1513267801,108,0
1513267801,109,56
1513267801,110,50
1513267801,111,82
1513267801,112,0
1513267801,113,7
1513267801,114,27
1513267801,115,21
1513267801,116,0
1513267801,117,7
1513267801,118,0
1513267801,119,10
1513267801,120,69
1513267801,121,7
1513267801,122,0
1513267801,123,14
1513267801,124,14
1513267801,125,0
1513267801,126,0
1513267801,127,19
1513267801,128,6
1513267801,129,0
1513267801,130,7
1513267801,131,7
1513267801,132,7
1513267801,133,28
1513267801,134,7
1513267801,135,35
1513267801,136,21
1513267801,137,7
1513267801,138,35
1513267801,139,42
1513267801,140,7
1513267801,141,70
1513267801,142,0
1513267801,143,0
1513267801,144,7
1513267801,145,0
1513267801,146,0
1513267801,147,0
1513267801,148,0
1513268101,1,42
1513268101,2,0
1513268101,3,22
1513268101,4,21
1513268101,5,87
1513268101,6,5
1513268101,7,42
1513268101,8,7
1513268101,9,9
1513268101,10,0
1513268101,11,15
1513268101,12,21
1513268101,13,14
1513268101,14,0
1513268101,15,8
1513268101,16,33
1513268101,17,30
1513268101,18,63
1513268101,19,14
1513268101,20,49
1513268101,21,77
1513268101,22,7
1513268101,23,15
1513268101,24,0
1513268101,25,0
1513268101,26,1
1513268101,27,35
1513268101,28,0
1513268101,29,0
1513268101,30,29
1513268101,31,15
1513268101,32,0
1513268101,33,73
1513268101,34,14
1513268101,35,34
1513268101,36,8
1513268101,37,7
1513268101,38,0
1513268101,39,50
1513268101,40,70
1513268101,41,6
1513268101,42,0
1513268101,43,0
1513268101,44,13
1513268101,45,98
1513268101,46,7
1513268101,47,0
1513268101,48,49
1513268101,49,99
1513268101,50,0
1513268101,51,7
1513268101,52,36
1513268101,53,0
1513268101,54,0
1513268101,55,9
1513268101,56,0
1513268101,57,0
1513268101,58,0
1513268101,59,0
1513268101,60,7
1513268101,61,0
1513268101,62,72
1513268101,63,28
1513268101,64,0
1513268101,65,38
1513268101,66,12
1513268101,67,0
1513268101,68,20
1513268101,69,14
1513268101,70,9
1513268101,71,3
1513268101,72,40
1513268101,73,21
1513268101,74,18
1513268101,75,0
1513268101,76,32
1513268101,77,14
1513268101,78,16
1513268101,79,41
1513268101,80,0
1513268101,81,1
1513268101,82,6
1513268101,83,133
1513268101,84,7
1513268101,85,0
1513268101,86,1
1513268101,87,0
1513268101,88,9
1513268101,89,0
1513268101,90,0
1513268101,91,77
1513268101,92,0
1513268101,93,0
1513268101,94,35
1513268101,95,0
1513268101,96,0
1513268101,97,8
1513268101,98,7
1513268101,99,0
1513268101,100,7
1513268101,101,0
1513268101,102,21
1513268101,103,112
1513268101,104,7
1513268101,105,42
1513268101,106,0
1513268101,107,56
1513268101,108,0
1513268101,109,56
1513268101,110,71
1513268101,111,95
1513268101,112,0
1513268101,113,7
1513268101,114,41
1513268101,115,21
1513268101,116,0
1513268101,117,7
1513268101,118,0
1513268101,119,10
1513268101,120,69
1513268101,121,7
1513268101,122,0
1513268101,123,14
1513268101,124,14
1513268101,125,0
1513268101,126,0
1513268101,127,26
1513268101,128,6
1513268101,129,0
1513268101,130,7
1513268101,131,7
1513268101,132,7
1513268101,133,35
1513268101,134,14
1513268101,135,35
1513268101,136,21
1513268101,137,7
1513268101,138,48
1513268101,139,49
1513268101,140,7
1513268101,141,77
1513268101,142,0
1513268101,143,0
1513268101,144,14
1513268101,145,14
1513268101,146,0
1513268101,147,0
1513268101,148,0
1513268401,1,70
1513268401,2,0
1513268401,3,22
1513268401,4,21
1513268401,5,94
1513268401,6,19
1513268401,7,42
1513268401,8,14
1513268401,9,9
1513268401,10,0
1513268401,11,15
1513268401,12,42
1513268401,13,14
1513268401,14,0
1513268401,15,13
1513268401,16,35
1513268401,17,37
1513268401,18,105
1513268401,19,14
1513268401,20,53
1513268401,21,77
1513268401,22,7
1513268401,23,22
1513268401,24,0
1513268401,25,0
1513268401,26,1
1513268401,27,56
1513268401,28,0
1513268401,29,7
1513268401,30,36
1513268401,31,15
1513268401,32,0
1513268401,33,85
1513268401,34,14
1513268401,35,48
1513268401,36,8
1513268401,37,7
1513268401,38,0
1513268401,39,63
1513268401,40,70
1513268401,41,6
1513268401,42,0
1513268401,43,0
1513268401,44,20
1513268401,45,113
1513268401,46,14
1513268401,47,0
1513268401,48,56
1513268401,49,127
1513268401,50,0
1513268401,51,7
1513268401,52,57
1513268401,53,0
1513268401,54,0
1513268401,55,16
1513268401,56,0
1513268401,57,0
1513268401,58,0
1513268401,59,0
1513268401,60,7
1513268401,61,0
1513268401,62,76
1513268401,63,35
1513268401,64,0
1513268401,65,45
1513268401,66,12
1513268401,67,0
1513268401,68,26
1513268401,69,35
1513268401,70,9
1513268401,71,3
1513268401,72,40
1513268401,73,21
1513268401,74,18
1513268401,75,0
1513268401,76,39
1513268401,77,14
1513268401,78,30
1513268401,79,69
1513268401,80,14
1513268401,81,1
1513268401,82,17
1513268401,83,276
1513268401,84,7
1513268401,85,0
1513268401,86,1
1513268401,87,0
1513268401,88,16
1513268401,89,0
1513268401,90,0
1513268401,91,91
1513268401,92,0
1513268401,93,7
1513268401,94,49
1513268401,95,0
1513268401,96,7
1513268401,97,8
1513268401,98,7
1513268401,99,0
1513268401,100,7
1513268401,101,0
1513268401,102,21
1513268401,103,154
1513268401,104,7
1513268401,105,47
1513268401,106,0
1513268401,107,84
1513268401,108,0
1513268401,109,84
1513268401,110,106
1513268401,111,100
1513268401,112,0
1513268401,113,7
1513268401,114,57
1513268401,115,28
1513268401,116,0
1513268401,117,7
1513268401,118,0
1513268401,119,19
1513268401,120,69
1513268401,121,14
1513268401,122,0
1513268401,123,21
1513268401,124,21
1513268401,125,0
1513268401,126,0
1513268401,127,33
1513268401,128,13
1513268401,129,0
1513268401,130,7
1513268401,131,7
1513268401,132,7
1513268401,133,45
1513268401,134,14
1513268401,135,35
1513268401,136,21
1513268401,137,7
1513268401,138,48
1513268401,139,55
1513268401,140,7
1513268401,141,83
1513268401,142,0
1513268401,143,0
1513268401,144,21
1513268401,145,14
1513268401,146,0
1513268401,147,0
1513268401,148,7
1513268701,1,77
1513268701,2,7
1513268701,3,22
1513268701,4,21
1513268701,5,147
1513268701,6,25
1513268701,7,49
1513268701,8,14
1513268701,9,16
1513268701,10,0
1513268701,11,22
1513268701,12,77
1513268701,13,21
1513268701,14,7
1513268701,15,13
1513268701,16,49
1513268701,17,37
1513268701,18,111
1513268701,19,14
1513268701,20,65
1513268701,21,77
1513268701,22,7
1513268701,23,29
1513268701,24,7
1513268701,25,0
1513268701,26,15
1513268701,27,63
1513268701,28,0
1513268701,29,7
1513268701,30,71
1513268701,31,15
1513268701,32,0
1513268701,33,99
1513268701,34,14
1513268701,35,48
1513268701,36,8
1513268701,37,7
1513268701,38,0
1513268701,39,63
1513268701,40,84
1513268701,41,6
1513268701,42,3
1513268701,43,0
1513268701,44,41
1513268701,45,141
1513268701,46,28
1513268701,47,0
1513268701,48,56
1513268701,49,141
1513268701,50,0
1513268701,51,7
1513268701,52,81
1513268701,53,0
1513268701,54,0
1513268701,55,23
1513268701,56,0
1513268701,57,0
1513268701,58,7
1513268701,59,0
1513268701,60,7
1513268701,61,0
1513268701,62,83
1513268701,63,35
1513268701,64,0
1513268701,65,59
1513268701,66,12
1513268701,67,0
1513268701,68,47
1513268701,69,42
1513268701,70,9
1513268701,71,3
1513268701,72,46
1513268701,73,21
1513268701,74,32
1513268701,75,0
1513268701,76,49
1513268701,77,14
1513268701,78,30
1513268701,79,69
1513268701,80,21
1513268701,81,1
1513268701,82,24
1513268701,83,304
1513268701,84,10
1513268701,85,0
1513268701,86,1
1513268701,87,0
1513268701,88,27
1513268701,89,0
1513268701,90,0
1513268701,91,98
1513268701,92,7
1513268701,93,7
1513268701,94,63
1513268701,95,0
1513268701,96,7
1513268701,97,8
1513268701,98,7
1513268701,99,0
1513268701,100,7
1513268701,101,0
1513268701,102,28
1513268701,103,181
1513268701,104,7
1513268701,105,75
1513268701,106,0
1513268701,107,105
1513268701,108,0
1513268701,109,98
1513268701,110,106
1513268701,111,121
1513268701,112,0
1513268701,113,14
1513268701,114,63
1513268701,115,49
1513268701,116,21
1513268701,117,7
1513268701,118,0
1513268701,119,26
1513268701,120,69
1513268701,121,21
1513268701,122,0
1513268701,123,28
1513268701,124,34
1513268701,125,0
1513268701,126,0
1513268701,127,54
1513268701,128,20
1513268701,129,7
1513268701,130,13
1513268701,131,7
1513268701,132,14
1513268701,133,45
1513268701,134,14
1513268701,135,42
1513268701,136,28
1513268701,137,7
1513268701,138,55
1513268701,139,62
1513268701,140,7
1513268701,141,97
1513268701,142,0
1513268701,143,14
1513268701,144,21
1513268701,145,21
1513268701,146,0
1513268701,147,0
1513268701,148,7
1513269001,1,84
1513269001,2,10
1513269001,3,29
1513269001,4,21
1513269001,5,155
1513269001,6,25
1513269001,7,63
1513269001,8,14
1513269001,9,22
1513269001,10,0
1513269001,11,23
1513269001,12,84
1513269001,13,21
1513269001,14,7
1513269001,15,13
1513269001,16,49
1513269001,17,44
1513269001,18,111
1513269001,19,28
1513269001,20,79
1513269001,21,77
1513269001,22,7
1513269001,23,36
1513269001,24,7
1513269001,25,0
1513269001,26,36
1513269001,27,63
1513269001,28,0
1513269001,29,14
1513269001,30,104
1513269001,31,15
1513269001,32,0
1513269001,33,113
1513269001,34,14
1513269001,35,48
1513269001,36,8
1513269001,37,7
1513269001,38,0
1513269001,39,77
1513269001,40,91
1513269001,41,6
1513269001,42,3
1513269001,43,0
1513269001,44,48
1513269001,45,162
1513269001,46,28
1513269001,47,0
1513269001,48,70
1513269001,49,148
1513269001,50,0
1513269001,51,14
1513269001,52,88
1513269001,53,0
1513269001,54,18
1513269001,55,24
1513269001,56,0
1513269001,57,0
1513269001,58,7
1513269001,59,0
1513269001,60,7
1513269001,61,0
1513269001,62,83
1513269001,63,49
1513269001,64,0
1513269001,65,59
1513269001,66,12
1513269001,67,0
1513269001,68,54
1513269001,69,52
1513269001,70,9
1513269001,71,3
1513269001,72,46
1513269001,73,21
1513269001,74,32
1513269001,75,0
1513269001,76,49
1513269001,77,14
1513269001,78,40
1513269001,79,69
1513269001,80,21
1513269001,81,15
1513269001,82,24
1513269001,83,318
1513269001,84,10
1513269001,85,0
1513269001,86,1
1513269001,87,0
1513269001,88,34
1513269001,89,0
1513269001,90,57
1513269001,91,169
1513269001,92,18
1513269001,93,47
1513269001,94,117
1513269001,95,0
1513269001,96,14
1513269001,97,8
1513269001,98,7
1513269001,99,0
1513269001,100,7
1513269001,101,14
1513269001,102,28
1513269001,103,194
1513269001,104,7
1513269001,105,82
1513269001,106,0
1513269001,107,112
1513269001,108,0
1513269001,109,98
1513269001,110,120
1513269001,111,135
1513269001,112,0
1513269001,113,14
1513269001,114,63
1513269001,115,56
1513269001,116,28
1513269001,117,7
1513269001,118,0
1513269001,119,39
1513269001,120,69
1513269001,121,21
1513269001,122,0
1513269001,123,35
1513269001,124,55
1513269001,125,0
1513269001,126,0
1513269001,127,54
1513269001,128,24
1513269001,129,21
1513269001,130,14
1513269001,131,7
1513269001,132,14
1513269001,133,53
1513269001,134,14
1513269001,135,49
1513269001,136,42
1513269001,137,7
1513269001,138,61
1513269001,139,75
1513269001,140,7
1513269001,141,104
1513269001,142,0
1513269001,143,21
1513269001,144,28
1513269001,145,28
1513269001,146,0
1513269001,147,0
1513269001,148,7
1513269301,1,91
1513269301,2,10
1513269301,3,36
1513269301,4,21
1513269301,5,192
1513269301,6,32
1513269301,7,63
1513269301,8,14
1513269301,9,22
1513269301,10,7
1513269301,11,23
1513269301,12,91
1513269301,13,28
1513269301,14,7
1513269301,15,13
1513269301,16,49
1513269301,17,44
1513269301,18,160
1513269301,19,35
1513269301,20,79
1513269301,21,77
1513269301,22,7
1513269301,23,43
1513269301,24,7
1513269301,25,0
1513269301,26,36
1513269301,27,77
1513269301,28,0
1513269301,29,14
1513269301,30,129
1513269301,31,15
1513269301,32,0
1513269301,33,137
1513269301,34,14
1513269301,35,48
1513269301,36,8
1513269301,37,7
1513269301,38,0
1513269301,39,77
1513269301,40,98
1513269301,41,6
1513269301,42,24
1513269301,43,0
1513269301,44,55
1513269301,45,192
1513269301,46,35
1513269301,47,0
1513269301,48,77
1513269301,49,165
1513269301,50,0
1513269301,51,34
1513269301,52,96
1513269301,53,7
1513269301,54,25
1513269301,55,27
1513269301,56,0
1513269301,57,7
1513269301,58,7
1513269301,59,0
1513269301,60,7
1513269301,61,0
1513269301,62,101
1513269301,63,49
1513269301,64,0
1513269301,65,59
1513269301,66,12
1513269301,67,0
1513269301,68,68
1513269301,69,52
1513269301,70,9
1513269301,71,3
1513269301,72,46
1513269301,73,21
1513269301,74,32
1513269301,75,0
1513269301,76,49
1513269301,77,14
1513269301,78,44
1513269301,79,83
1513269301,80,21
1513269301,81,15
1513269301,82,24
1513269301,83,346
1513269301,84,10
1513269301,85,0
1513269301,86,1
1513269301,87,0
1513269301,88,34
1513269301,89,0
1513269301,90,57
1513269301,91,187
1513269301,92,22
1513269301,93,47
1513269301,94,124
1513269301,95,0
1513269301,96,14
1513269301,97,12
1513269301,98,7
1513269301,99,3
1513269301,100,13
1513269301,101,21
1513269301,102,28
1513269301,103,201
1513269301,104,7
1513269301,105,98
1513269301,106,0
1513269301,107,122
1513269301,108,0
1513269301,109,105
1513269301,110,134
1513269301,111,144
1513269301,112,0
1513269301,113,21
1513269301,114,63
1513269301,115,56
1513269301,116,28
1513269301,117,7
1513269301,118,0
1513269301,119,39
1513269301,120,69
1513269301,121,35
1513269301,122,0
1513269301,123,42
1513269301,124,69
1513269301,125,0
1513269301,126,0
1513269301,127,61
1513269301,128,27
1513269301,129,28
1513269301,130,23
1513269301,131,7
1513269301,132,28
1513269301,133,56
1513269301,134,14
1513269301,135,56
1513269301,136,49
1513269301,137,7
1513269301,138,71
1513269301,139,82
1513269301,140,7
1513269301,141,108
1513269301,142,0
1513269301,143,23
1513269301,144,28
1513269301,145,28
1513269301,146,0
1513269301,147,0
1513269301,148,21
1513269601,1,105
1513269601,2,10
1513269601,3,37
1513269601,4,21
1513269601,5,206
1513269601,6,39
1513269601,7,84
1513269601,8,14
1513269601,9,29
1513269601,10,7
1513269601,11,37
1513269601,12,95
1513269601,13,28
1513269601,14,7
1513269601,15,13
1513269601,16,49
1513269601,17,48
1513269601,18,188
1513269601,19,49
1513269601,20,86
1513269601,21,77
1513269601,22,7
1513269601,23,43
1513269601,24,7
1513269601,25,0
1513269601,26,36
1513269601,27,77
1513269601,28,0
1513269601,29,14
1513269601,30,143
1513269601,31,15
1513269601,32,0
1513269601,33,158
1513269601,34,14
1513269601,35,55
1513269601,36,8
1513269601,37,7
1513269601,38,0
1513269601,39,84
1513269601,40,98
1513269601,41,13
1513269601,42,24
1513269601,43,0
1513269601,44,55
1513269601,45,206
1513269601,46,35
1513269601,47,0
1513269601,48,84
1513269601,49,189
1513269601,50,0
1513269601,51,54
1513269601,52,103
1513269601,53,7
1513269601,54,39
1513269601,55,27
1513269601,56,0
1513269601,57,7
1513269601,58,7
1513269601,59,0
1513269601,60,7
1513269601,61,0
1513269601,62,113
1513269601,63,49
1513269601,64,0
1513269601,65,59
1513269601,66,12
1513269601,67,7
1513269601,68,68
1513269601,69,52
1513269601,70,16
1513269601,71,10
1513269601,72,46
1513269601,73,21
1513269601,74,32
1513269601,75,0
1513269601,76,56
1513269601,77,14
1513269601,78,68
1513269601,79,90
1513269601,80,21
1513269601,81,22
1513269601,82,24
1513269601,83,396
1513269601,84,10
1513269601,85,0
1513269601,86,1
1513269601,87,7
1513269601,88,34
1513269601,89,0
1513269601,90,57
1513269601,91,228
1513269601,92,36
1513269601,93,47
1513269601,94,131
1513269601,95,0
1513269601,96,14
1513269601,97,19
1513269601,98,7
1513269601,99,10
1513269601,100,13
1513269601,101,21
1513269601,102,41
1513269601,103,334
1513269601,104,10
1513269601,105,212
1513269601,106,0
1513269601,107,217
1513269601,108,0
1513269601,109,167
1513269601,110,181
1513269601,111,165
1513269601,112,0
1513269601,113,21
1513269601,114,70
1513269601,115,56
1513269601,116,35
1513269601,117,7
1513269601,118,0
1513269601,119,46
1513269601,120,69
1513269601,121,35
1513269601,122,0
1513269601,123,42
1513269601,124,83
1513269601,125,0
1513269601,126,0
1513269601,127,67
1513269601,128,34
1513269601,129,42
1513269601,130,23
1513269601,131,7
1513269601,132,42
1513269601,133,59
1513269601,134,14
1513269601,135,56
1513269601,136,70
1513269601,137,7
1513269601,138,78
1513269601,139,116
1513269601,140,7
1513269601,141,115
1513269601,142,7
1513269601,143,23
1513269601,144,28
1513269601,145,28
1513269601,146,7
1513269601,147,0
1513269601,148,21
1513269901,1,126
1513269901,2,17
1513269901,3,37
1513269901,4,21
1513269901,5,213
1513269901,6,39
1513269901,7,90
1513269901,8,14
1513269901,9,32
1513269901,10,7
1513269901,11,37
1513269901,12,104
1513269901,13,32
1513269901,14,14
1513269901,15,13
1513269901,16,49
1513269901,17,62
1513269901,18,230
1513269901,19,49
1513269901,20,86
1513269901,21,77
1513269901,22,7
1513269901,23,43
1513269901,24,7
1513269901,25,0
1513269901,26,43
1513269901,27,77
1513269901,28,0
1513269901,29,14
1513269901,30,157
1513269901,31,15
1513269901,32,0
1513269901,33,161
1513269901,34,14
1513269901,35,62
1513269901,36,8
1513269901,37,7
1513269901,38,0
1513269901,39,91
1513269901,40,101
1513269901,41,19
1513269901,42,24
1513269901,43,0
1513269901,44,55
1513269901,45,213
1513269901,46,35
1513269901,47,0
1513269901,48,84
1513269901,49,191
1513269901,50,0
1513269901,51,54
1513269901,52,108
1513269901,53,7
1513269901,54,39
1513269901,55,27
1513269901,56,0
1513269901,57,7
1513269901,58,7
1513269901,59,0
1513269901,60,7
1513269901,61,0
1513269901,62,120
1513269901,63,49
1513269901,64,0
1513269901,65,61
1513269901,66,12
1513269901,67,7
1513269901,68,68
1513269901,69,59
1513269901,70,16
1513269901,71,10
1513269901,72,46
1513269901,73,21
1513269901,74,32
1513269901,75,0
1513269901,76,63
1513269901,77,14
1513269901,78,68
1513269901,79,90
1513269901,80,21
1513269901,81,22
1513269901,82,24
1513269901,83,438
1513269901,84,16
1513269901,85,0
1513269901,86,1
1513269901,87,7
1513269901,88,34
1513269901,89,0
1513269901,90,57
1513269901,91,249
1513269901,92,36
1513269901,93,47
1513269901,94,141
1513269901,95,0
1513269901,96,14
1513269901,97,19
1513269901,98,7
1513269901,99,10
1513269901,100,13
1513269901,101,21
1513269901,102,41
1513269901,103,341
1513269901,104,10
1513269901,105,239
1513269901,106,0
1513269901,107,224
1513269901,108,0
1513269901,109,167
1513269901,110,188
1513269901,111,223
1513269901,112,0
1513269901,113,42
1513269901,114,110
1513269901,115,89
1513269901,116,35
1513269901,117,7
1513269901,118,0
1513269901,119,59
1513269901,120,114
1513269901,121,35
1513269901,122,7
1513269901,123,45
1513269901,124,90
1513269901,125,0
1513269901,126,0
1513269901,127,74
1513269901,128,48
1513269901,129,49
1513269901,130,23
1513269901,131,7
1513269901,132,42
1513269901,133,59
1513269901,134,21
1513269901,135,56
1513269901,136,70
1513269901,137,7
1513269901,138,78
1513269901,139,116
1513269901,140,7
1513269901,141,119
1513269901,142,7
1513269901,143,23
1513269901,144,28
1513269901,145,28
1513269901,146,7
1513269901,147,0
1513269901,148,21
1513270201,1,126
1513270201,2,24
1513270201,3,37
1513270201,4,21
1513270201,5,227
1513270201,6,46
1513270201,7,90
1513270201,8,14
1513270201,9,39
1513270201,10,7
1513270201,11,51
1513270201,12,104
1513270201,13,32
1513270201,14,21
1513270201,15,13
1513270201,16,49
1513270201,17,62
1513270201,18,237
1513270201,19,49
1513270201,20,86
1513270201,21,77
1513270201,22,7
1513270201,23,43
1513270201,24,7
1513270201,25,0
1513270201,26,43
1513270201,27,77
1513270201,28,0
1513270201,29,14
1513270201,30,157
1513270201,31,15
1513270201,32,7
1513270201,33,180
1513270201,34,14
1513270201,35,69
1513270201,36,8
1513270201,37,7
1513270201,38,0
1513270201,39,105
1513270201,40,101
1513270201,41,26
1513270201,42,24
1513270201,43,0
1513270201,44,55
1513270201,45,233
1513270201,46,35
1513270201,47,0
1513270201,48,84
1513270201,49,191
1513270201,50,0
1513270201,51,54
1513270201,52,108
1513270201,53,7
1513270201,54,39
1513270201,55,27
1513270201,56,0
1513270201,57,7
1513270201,58,7
1513270201,59,0
1513270201,60,7
1513270201,61,0
1513270201,62,120
1513270201,63,49
1513270201,64,0
1513270201,65,61
1513270201,66,12
1513270201,67,7
1513270201,68,68
1513270201,69,59
1513270201,70,16
1513270201,71,17
1513270201,72,46
1513270201,73,21
1513270201,74,32
1513270201,75,0
1513270201,76,63
1513270201,77,14
1513270201,78,68
1513270201,79,110
1513270201,80,21
1513270201,81,22
1513270201,82,24
1513270201,83,485
1513270201,84,16
1513270201,85,0
1513270201,86,1
1513270201,87,7
1513270201,88,34
1513270201,89,0
1513270201,90,57
1513270201,91,270
1513270201,92,36
1513270201,93,47
1513270201,94,148
1513270201,95,0
1513270201,96,14
1513270201,97,19
1513270201,98,14
1513270201,99,10
1513270201,100,13
1513270201,101,21
1513270201,102,41
1513270201,103,356
1513270201,104,10
1513270201,105,245
1513270201,106,0
1513270201,107,231
1513270201,108,0
1513270201,109,178
1513270201,110,188
1513270201,111,241
1513270201,112,0
1513270201,113,42
1513270201,114,110
1513270201,115,103
1513270201,116,42
1513270201,117,7
1513270201,118,0
1513270201,119,73
1513270201,120,114
1513270201,121,55
1513270201,122,10
1513270201,123,83
1513270201,124,90
1513270201,125,0
1513270201,126,0
1513270201,127,145
1513270201,128,55
1513270201,129,51
1513270201,130,29
1513270201,131,7
1513270201,132,42
1513270201,133,59
1513270201,134,21
1513270201,135,56
1513270201,136,77
1513270201,137,7
1513270201,138,85
1513270201,139,116
1513270201,140,7
1513270201,141,126
1513270201,142,7
1513270201,143,30
1513270201,144,28
1513270201,145,35
1513270201,146,7
1513270201,147,0
1513270201,148,21
